tax_id,ncbi_name,ncbi_rank,species_tax_id,species_name,mapping_source
24,Shewanella putrefaciens,species,24.0,Shewanella putrefaciens,"NCBI Taxonomy EFetch, retrieved 2026-08-10"
69,Lysobacter enzymogenes,species,69.0,Lysobacter enzymogenes,"NCBI Taxonomy EFetch, retrieved 2026-08-10"
139,Borreliella burgdorferi,species,139.0,Borreliella burgdorferi,"NCBI Taxonomy EFetch, retrieved 2026-08-10"
158,Treponema denticola,species,158.0,Treponema denticola,"NCBI Taxonomy EFetch, retrieved 2026-08-10"
159,Brachyspira hyodysenteriae,species,159.0,Brachyspira hyodysenteriae,"NCBI Taxonomy EFetch, retrieved 2026-08-10"
173,Leptospira interrogans,species,173.0,Leptospira interrogans,"NCBI Taxonomy EFetch, retrieved 2026-08-10"
176,Leptospira interrogans serovar Hardjo,no rank,173.0,Leptospira interrogans,"NCBI Taxonomy EFetch, retrieved 2026-08-10"
195,Campylobacter coli,species,195.0,Campylobacter coli,"NCBI Taxonomy EFetch, retrieved 2026-08-10"
197,Campylobacter jejuni,species,197.0,Campylobacter jejuni,"NCBI Taxonomy EFetch, retrieved 2026-08-10"
199,Campylobacter concisus,species,199.0,Campylobacter concisus,"NCBI Taxonomy EFetch, retrieved 2026-08-10"
210,Helicobacter pylori,species,210.0,Helicobacter pylori,"NCBI Taxonomy EFetch, retrieved 2026-08-10"
228,Pseudoalteromonas haloplanktis,species,228.0,Pseudoalteromonas haloplanktis,"NCBI Taxonomy EFetch, retrieved 2026-08-10"
235,Brucella abortus,species,235.0,Brucella abortus,"NCBI Taxonomy EFetch, retrieved 2026-08-10"
238,Elizabethkingia meningoseptica,species,238.0,Elizabethkingia meningoseptica,"NCBI Taxonomy EFetch, retrieved 2026-08-10"
253,Chryseobacterium indologenes,species,253.0,Chryseobacterium indologenes,"NCBI Taxonomy EFetch, retrieved 2026-08-10"
263,Francisella tularensis,species,263.0,Francisella tularensis,"NCBI Taxonomy EFetch, retrieved 2026-08-10"
264,Francisella tularensis subsp. novicida,subspecies,263.0,Francisella tularensis,"NCBI Taxonomy EFetch, retrieved 2026-08-10"
271,Thermus aquaticus,species,271.0,Thermus aquaticus,"NCBI Taxonomy EFetch, retrieved 2026-08-10"
274,Thermus thermophilus,species,274.0,Thermus thermophilus,"NCBI Taxonomy EFetch, retrieved 2026-08-10"
286,Pseudomonas,genus,,,"NCBI Taxonomy EFetch, retrieved 2026-08-10"
287,Pseudomonas aeruginosa,species,287.0,Pseudomonas aeruginosa,"NCBI Taxonomy EFetch, retrieved 2026-08-10"
292,Burkholderia cepacia,species,292.0,Burkholderia cepacia,"NCBI Taxonomy EFetch, retrieved 2026-08-10"
293,Brevundimonas diminuta,species,293.0,Brevundimonas diminuta,"NCBI Taxonomy EFetch, retrieved 2026-08-10"
294,Pseudomonas fluorescens,species,294.0,Pseudomonas fluorescens,"NCBI Taxonomy EFetch, retrieved 2026-08-10"
301,Ectopseudomonas oleovorans,species,301.0,Ectopseudomonas oleovorans,"NCBI Taxonomy EFetch, retrieved 2026-08-10"
303,Pseudomonas putida,species,303.0,Pseudomonas putida,"NCBI Taxonomy EFetch, retrieved 2026-08-10"
305,Ralstonia solanacearum,species,305.0,Ralstonia solanacearum,"NCBI Taxonomy EFetch, retrieved 2026-08-10"
317,Pseudomonas syringae,species,317.0,Pseudomonas syringae,"NCBI Taxonomy EFetch, retrieved 2026-08-10"
321,Pseudomonas syringae pv. syringae,no rank,317.0,Pseudomonas syringae,"NCBI Taxonomy EFetch, retrieved 2026-08-10"
329,Ralstonia pickettii,species,329.0,Ralstonia pickettii,"NCBI Taxonomy EFetch, retrieved 2026-08-10"
339,Xanthomonas campestris,species,339.0,Xanthomonas campestris,"NCBI Taxonomy EFetch, retrieved 2026-08-10"
346,Xanthomonas citri,species,346.0,Xanthomonas citri,"NCBI Taxonomy EFetch, retrieved 2026-08-10"
347,Xanthomonas oryzae,species,347.0,Xanthomonas oryzae,"NCBI Taxonomy EFetch, retrieved 2026-08-10"
353,Azotobacter chroococcum,species,353.0,Azotobacter chroococcum,"NCBI Taxonomy EFetch, retrieved 2026-08-10"
358,Agrobacterium tumefaciens,species,358.0,Agrobacterium tumefaciens,"NCBI Taxonomy EFetch, retrieved 2026-08-10"
382,Sinorhizobium meliloti,species,382.0,Sinorhizobium meliloti,"NCBI Taxonomy EFetch, retrieved 2026-08-10"
446,Legionella pneumophila,species,446.0,Legionella pneumophila,"NCBI Taxonomy EFetch, retrieved 2026-08-10"
464,Fluoribacter gormanii,species,464.0,Fluoribacter gormanii,"NCBI Taxonomy EFetch, retrieved 2026-08-10"
469,Acinetobacter,genus,,,"NCBI Taxonomy EFetch, retrieved 2026-08-10"
470,Acinetobacter baumannii,species,470.0,Acinetobacter baumannii,"NCBI Taxonomy EFetch, retrieved 2026-08-10"
471,Acinetobacter calcoaceticus,species,471.0,Acinetobacter calcoaceticus,"NCBI Taxonomy EFetch, retrieved 2026-08-10"
475,Moraxella,genus,,,"NCBI Taxonomy EFetch, retrieved 2026-08-10"
476,Moraxella bovis,species,476.0,Moraxella bovis,"NCBI Taxonomy EFetch, retrieved 2026-08-10"
480,Moraxella catarrhalis,species,480.0,Moraxella catarrhalis,"NCBI Taxonomy EFetch, retrieved 2026-08-10"
485,Neisseria gonorrhoeae,species,485.0,Neisseria gonorrhoeae,"NCBI Taxonomy EFetch, retrieved 2026-08-10"
487,Neisseria meningitidis,species,487.0,Neisseria meningitidis,"NCBI Taxonomy EFetch, retrieved 2026-08-10"
490,Neisseria sicca,species,490.0,Neisseria sicca,"NCBI Taxonomy EFetch, retrieved 2026-08-10"
511,Alcaligenes faecalis,species,511.0,Alcaligenes faecalis,"NCBI Taxonomy EFetch, retrieved 2026-08-10"
518,Bordetella bronchiseptica,species,518.0,Bordetella bronchiseptica,"NCBI Taxonomy EFetch, retrieved 2026-08-10"
520,Bordetella pertussis,species,520.0,Bordetella pertussis,"NCBI Taxonomy EFetch, retrieved 2026-08-10"
529,Brucella anthropi,species,529.0,Brucella anthropi,"NCBI Taxonomy EFetch, retrieved 2026-08-10"
531,Polaribacter irgensii,species,531.0,Polaribacter irgensii,"NCBI Taxonomy EFetch, retrieved 2026-08-10"
536,Chromobacterium violaceum,species,536.0,Chromobacterium violaceum,"NCBI Taxonomy EFetch, retrieved 2026-08-10"
539,Eikenella corrodens,species,539.0,Eikenella corrodens,"NCBI Taxonomy EFetch, retrieved 2026-08-10"
542,Zymomonas mobilis,species,542.0,Zymomonas mobilis,"NCBI Taxonomy EFetch, retrieved 2026-08-10"
543,Enterobacteriaceae,family,,,"NCBI Taxonomy EFetch, retrieved 2026-08-10"
544,Citrobacter,genus,,,"NCBI Taxonomy EFetch, retrieved 2026-08-10"
545,Citrobacter koseri,species,545.0,Citrobacter koseri,"NCBI Taxonomy EFetch, retrieved 2026-08-10"
546,Citrobacter freundii,species,546.0,Citrobacter freundii,"NCBI Taxonomy EFetch, retrieved 2026-08-10"
547,Enterobacter,genus,,,"NCBI Taxonomy EFetch, retrieved 2026-08-10"
548,Klebsiella aerogenes,species,548.0,Klebsiella aerogenes,"NCBI Taxonomy EFetch, retrieved 2026-08-10"
549,Pantoea agglomerans,species,549.0,Pantoea agglomerans,"NCBI Taxonomy EFetch, retrieved 2026-08-10"
550,Enterobacter cloacae,species,550.0,Enterobacter cloacae,"NCBI Taxonomy EFetch, retrieved 2026-08-10"
552,Erwinia amylovora,species,552.0,Erwinia amylovora,"NCBI Taxonomy EFetch, retrieved 2026-08-10"
554,Pectobacterium carotovorum,species,554.0,Pectobacterium carotovorum,"NCBI Taxonomy EFetch, retrieved 2026-08-10"
555,Pectobacterium carotovorum subsp. carotovorum,subspecies,554.0,Pectobacterium carotovorum,"NCBI Taxonomy EFetch, retrieved 2026-08-10"
561,Escherichia,genus,,,"NCBI Taxonomy EFetch, retrieved 2026-08-10"
562,Escherichia coli,species,562.0,Escherichia coli,"NCBI Taxonomy EFetch, retrieved 2026-08-10"
564,Escherichia fergusonii,species,564.0,Escherichia fergusonii,"NCBI Taxonomy EFetch, retrieved 2026-08-10"
565,Atlantibacter hermannii,species,565.0,Atlantibacter hermannii,"NCBI Taxonomy EFetch, retrieved 2026-08-10"
569,Hafnia alvei,species,569.0,Hafnia alvei,"NCBI Taxonomy EFetch, retrieved 2026-08-10"
571,Klebsiella oxytoca,species,571.0,Klebsiella oxytoca,"NCBI Taxonomy EFetch, retrieved 2026-08-10"
573,Klebsiella pneumoniae,species,573.0,Klebsiella pneumoniae,"NCBI Taxonomy EFetch, retrieved 2026-08-10"
574,Klebsiella pneumoniae subsp. ozaenae,subspecies,573.0,Klebsiella pneumoniae,"NCBI Taxonomy EFetch, retrieved 2026-08-10"
575,Klebsiella planticola,species,575.0,Klebsiella planticola,"NCBI Taxonomy EFetch, retrieved 2026-08-10"
582,Morganella morganii,species,582.0,Morganella morganii,"NCBI Taxonomy EFetch, retrieved 2026-08-10"
584,Proteus mirabilis,species,584.0,Proteus mirabilis,"NCBI Taxonomy EFetch, retrieved 2026-08-10"
585,Proteus vulgaris,species,585.0,Proteus vulgaris,"NCBI Taxonomy EFetch, retrieved 2026-08-10"
587,Providencia rettgeri,species,587.0,Providencia rettgeri,"NCBI Taxonomy EFetch, retrieved 2026-08-10"
588,Providencia stuartii,species,588.0,Providencia stuartii,"NCBI Taxonomy EFetch, retrieved 2026-08-10"
590,Salmonella,genus,,,"NCBI Taxonomy EFetch, retrieved 2026-08-10"
594,Salmonella enterica subsp. enterica serovar Gallinarum,no rank,28901.0,Salmonella enterica,"NCBI Taxonomy EFetch, retrieved 2026-08-10"
595,Salmonella enterica subsp. enterica serovar Infantis,no rank,28901.0,Salmonella enterica,"NCBI Taxonomy EFetch, retrieved 2026-08-10"
601,Salmonella enterica subsp. enterica serovar Typhi,no rank,28901.0,Salmonella enterica,"NCBI Taxonomy EFetch, retrieved 2026-08-10"
605,Salmonella enterica subsp. enterica serovar Pullorum,no rank,28901.0,Salmonella enterica,"NCBI Taxonomy EFetch, retrieved 2026-08-10"
611,Salmonella enterica subsp. enterica serovar Heidelberg,no rank,28901.0,Salmonella enterica,"NCBI Taxonomy EFetch, retrieved 2026-08-10"
613,Serratia,genus,,,"NCBI Taxonomy EFetch, retrieved 2026-08-10"
614,Serratia liquefaciens,species,614.0,Serratia liquefaciens,"NCBI Taxonomy EFetch, retrieved 2026-08-10"
615,Serratia marcescens,species,615.0,Serratia marcescens,"NCBI Taxonomy EFetch, retrieved 2026-08-10"
620,Shigella,genus,,,"NCBI Taxonomy EFetch, retrieved 2026-08-10"
621,Shigella boydii,species,621.0,Shigella boydii,"NCBI Taxonomy EFetch, retrieved 2026-08-10"
622,Shigella dysenteriae,species,622.0,Shigella dysenteriae,"NCBI Taxonomy EFetch, retrieved 2026-08-10"
623,Shigella flexneri,species,623.0,Shigella flexneri,"NCBI Taxonomy EFetch, retrieved 2026-08-10"
624,Shigella sonnei,species,624.0,Shigella sonnei,"NCBI Taxonomy EFetch, retrieved 2026-08-10"
630,Yersinia enterocolitica,species,630.0,Yersinia enterocolitica,"NCBI Taxonomy EFetch, retrieved 2026-08-10"
632,Yersinia pestis,species,632.0,Yersinia pestis,"NCBI Taxonomy EFetch, retrieved 2026-08-10"
633,Yersinia pseudotuberculosis,species,633.0,Yersinia pseudotuberculosis,"NCBI Taxonomy EFetch, retrieved 2026-08-10"
636,Edwardsiella tarda,species,636.0,Edwardsiella tarda,"NCBI Taxonomy EFetch, retrieved 2026-08-10"
644,Aeromonas hydrophila,species,644.0,Aeromonas hydrophila,"NCBI Taxonomy EFetch, retrieved 2026-08-10"
645,Aeromonas salmonicida,species,645.0,Aeromonas salmonicida,"NCBI Taxonomy EFetch, retrieved 2026-08-10"
646,Aeromonas sobria,species,646.0,Aeromonas sobria,"NCBI Taxonomy EFetch, retrieved 2026-08-10"
648,Aeromonas caviae,species,648.0,Aeromonas caviae,"NCBI Taxonomy EFetch, retrieved 2026-08-10"
654,Aeromonas veronii,species,654.0,Aeromonas veronii,"NCBI Taxonomy EFetch, retrieved 2026-08-10"
656,Aeromonas allosaccharophila,species,656.0,Aeromonas allosaccharophila,"NCBI Taxonomy EFetch, retrieved 2026-08-10"
658,Photobacterium leiognathi subsp. leiognathi,subspecies,553611.0,Photobacterium leiognathi,"NCBI Taxonomy EFetch, retrieved 2026-08-10"
663,Vibrio alginolyticus,species,663.0,Vibrio alginolyticus,"NCBI Taxonomy EFetch, retrieved 2026-08-10"
666,Vibrio cholerae,species,666.0,Vibrio cholerae,"NCBI Taxonomy EFetch, retrieved 2026-08-10"
668,Aliivibrio fischeri,species,668.0,Aliivibrio fischeri,"NCBI Taxonomy EFetch, retrieved 2026-08-10"
669,Vibrio harveyi,species,669.0,Vibrio harveyi,"NCBI Taxonomy EFetch, retrieved 2026-08-10"
670,Vibrio parahaemolyticus,species,670.0,Vibrio parahaemolyticus,"NCBI Taxonomy EFetch, retrieved 2026-08-10"
671,Vibrio proteolyticus,species,671.0,Vibrio proteolyticus,"NCBI Taxonomy EFetch, retrieved 2026-08-10"
672,Vibrio vulnificus,species,672.0,Vibrio vulnificus,"NCBI Taxonomy EFetch, retrieved 2026-08-10"
674,Vibrio mimicus,species,674.0,Vibrio mimicus,"NCBI Taxonomy EFetch, retrieved 2026-08-10"
676,Vibrio fluvialis,species,676.0,Vibrio fluvialis,"NCBI Taxonomy EFetch, retrieved 2026-08-10"
691,Vibrio natriegens,species,691.0,Vibrio natriegens,"NCBI Taxonomy EFetch, retrieved 2026-08-10"
703,Plesiomonas shigelloides,species,703.0,Plesiomonas shigelloides,"NCBI Taxonomy EFetch, retrieved 2026-08-10"
714,Aggregatibacter actinomycetemcomitans,species,714.0,Aggregatibacter actinomycetemcomitans,"NCBI Taxonomy EFetch, retrieved 2026-08-10"
715,Actinobacillus pleuropneumoniae,species,715.0,Actinobacillus pleuropneumoniae,"NCBI Taxonomy EFetch, retrieved 2026-08-10"
726,Haemophilus haemolyticus,species,726.0,Haemophilus haemolyticus,"NCBI Taxonomy EFetch, retrieved 2026-08-10"
727,Haemophilus influenzae,species,727.0,Haemophilus influenzae,"NCBI Taxonomy EFetch, retrieved 2026-08-10"
729,Haemophilus parainfluenzae,species,729.0,Haemophilus parainfluenzae,"NCBI Taxonomy EFetch, retrieved 2026-08-10"
731,Histophilus somni,species,731.0,Histophilus somni,"NCBI Taxonomy EFetch, retrieved 2026-08-10"
732,Aggregatibacter aphrophilus,species,732.0,Aggregatibacter aphrophilus,"NCBI Taxonomy EFetch, retrieved 2026-08-10"
735,Haemophilus parahaemolyticus,species,735.0,Haemophilus parahaemolyticus,"NCBI Taxonomy EFetch, retrieved 2026-08-10"
736,Haemophilus paraphrohaemolyticus,species,736.0,Haemophilus paraphrohaemolyticus,"NCBI Taxonomy EFetch, retrieved 2026-08-10"
738,Glaesserella parasuis,species,738.0,Glaesserella parasuis,"NCBI Taxonomy EFetch, retrieved 2026-08-10"
739,Aggregatibacter segnis,species,739.0,Aggregatibacter segnis,"NCBI Taxonomy EFetch, retrieved 2026-08-10"
747,Pasteurella multocida,species,747.0,Pasteurella multocida,"NCBI Taxonomy EFetch, retrieved 2026-08-10"
777,Coxiella burnetii,species,777.0,Coxiella burnetii,"NCBI Taxonomy EFetch, retrieved 2026-08-10"
782,Rickettsia prowazekii,species,782.0,Rickettsia prowazekii,"NCBI Taxonomy EFetch, retrieved 2026-08-10"
813,Chlamydia trachomatis,species,813.0,Chlamydia trachomatis,"NCBI Taxonomy EFetch, retrieved 2026-08-10"
817,Bacteroides fragilis,species,817.0,Bacteroides fragilis,"NCBI Taxonomy EFetch, retrieved 2026-08-10"
818,Bacteroides thetaiotaomicron,species,818.0,Bacteroides thetaiotaomicron,"NCBI Taxonomy EFetch, retrieved 2026-08-10"
820,Bacteroides uniformis,species,820.0,Bacteroides uniformis,"NCBI Taxonomy EFetch, retrieved 2026-08-10"
821,Phocaeicola vulgatus,species,821.0,Phocaeicola vulgatus,"NCBI Taxonomy EFetch, retrieved 2026-08-10"
823,Parabacteroides distasonis,species,823.0,Parabacteroides distasonis,"NCBI Taxonomy EFetch, retrieved 2026-08-10"
824,Campylobacter gracilis,species,824.0,Campylobacter gracilis,"NCBI Taxonomy EFetch, retrieved 2026-08-10"
827,Campylobacter ureolyticus,species,827.0,Campylobacter ureolyticus,"NCBI Taxonomy EFetch, retrieved 2026-08-10"
837,Porphyromonas gingivalis,species,837.0,Porphyromonas gingivalis,"NCBI Taxonomy EFetch, retrieved 2026-08-10"
844,Wolinella succinogenes,species,844.0,Wolinella succinogenes,"NCBI Taxonomy EFetch, retrieved 2026-08-10"
848,Fusobacterium,genus,,,"NCBI Taxonomy EFetch, retrieved 2026-08-10"
850,Fusobacterium mortiferum,species,850.0,Fusobacterium mortiferum,"NCBI Taxonomy EFetch, retrieved 2026-08-10"
851,Fusobacterium nucleatum,species,851.0,Fusobacterium nucleatum,"NCBI Taxonomy EFetch, retrieved 2026-08-10"
856,Fusobacterium varium,species,856.0,Fusobacterium varium,"NCBI Taxonomy EFetch, retrieved 2026-08-10"
858,Fusobacterium necrogenes,species,858.0,Fusobacterium necrogenes,"NCBI Taxonomy EFetch, retrieved 2026-08-10"
859,Fusobacterium necrophorum,species,859.0,Fusobacterium necrophorum,"NCBI Taxonomy EFetch, retrieved 2026-08-10"
876,Desulfovibrio desulfuricans,species,876.0,Desulfovibrio desulfuricans,"NCBI Taxonomy EFetch, retrieved 2026-08-10"
881,Nitratidesulfovibrio vulgaris,species,881.0,Nitratidesulfovibrio vulgaris,"NCBI Taxonomy EFetch, retrieved 2026-08-10"
901,Desulfovibrio piger,species,901.0,Desulfovibrio piger,"NCBI Taxonomy EFetch, retrieved 2026-08-10"
915,Nitrosomonas europaea,species,915.0,Nitrosomonas europaea,"NCBI Taxonomy EFetch, retrieved 2026-08-10"
920,Acidithiobacillus ferrooxidans,species,920.0,Acidithiobacillus ferrooxidans,"NCBI Taxonomy EFetch, retrieved 2026-08-10"
945,Ehrlichia chaffeensis,species,945.0,Ehrlichia chaffeensis,"NCBI Taxonomy EFetch, retrieved 2026-08-10"
955,Wolbachia pipientis,species,955.0,Wolbachia pipientis,"NCBI Taxonomy EFetch, retrieved 2026-08-10"
985,Cytophaga hutchinsonii,species,985.0,Cytophaga hutchinsonii,"NCBI Taxonomy EFetch, retrieved 2026-08-10"
996,Flavobacterium columnare,species,996.0,Flavobacterium columnare,"NCBI Taxonomy EFetch, retrieved 2026-08-10"
1018,Capnocytophaga ochracea,species,1018.0,Capnocytophaga ochracea,"NCBI Taxonomy EFetch, retrieved 2026-08-10"
1019,Capnocytophaga sputigena,species,1019.0,Capnocytophaga sputigena,"NCBI Taxonomy EFetch, retrieved 2026-08-10"
1061,Rhodobacter capsulatus,species,1061.0,Rhodobacter capsulatus,"NCBI Taxonomy EFetch, retrieved 2026-08-10"
1126,Microcystis aeruginosa,species,1126.0,Microcystis aeruginosa,"NCBI Taxonomy EFetch, retrieved 2026-08-10"
1165,Anabaena cylindrica,species,1165.0,Anabaena cylindrica,"NCBI Taxonomy EFetch, retrieved 2026-08-10"
1166,Dolichospermum flos-aquae,species,1166.0,Dolichospermum flos-aquae,"NCBI Taxonomy EFetch, retrieved 2026-08-10"
1178,Nostoc commune,species,1178.0,Nostoc commune,"NCBI Taxonomy EFetch, retrieved 2026-08-10"
1245,Leuconostoc mesenteroides,species,1245.0,Leuconostoc mesenteroides,"NCBI Taxonomy EFetch, retrieved 2026-08-10"
1257,Peptostreptococcus,genus,,,"NCBI Taxonomy EFetch, retrieved 2026-08-10"
1258,Peptoniphilus asaccharolyticus,species,1258.0,Peptoniphilus asaccharolyticus,"NCBI Taxonomy EFetch, retrieved 2026-08-10"
1260,Finegoldia magna,species,1260.0,Finegoldia magna,"NCBI Taxonomy EFetch, retrieved 2026-08-10"
1261,Peptostreptococcus anaerobius,species,1261.0,Peptostreptococcus anaerobius,"NCBI Taxonomy EFetch, retrieved 2026-08-10"
1264,Hominimerdicola alba,species,1264.0,Hominimerdicola alba,"NCBI Taxonomy EFetch, retrieved 2026-08-10"
1265,Ruminococcus flavefaciens,species,1265.0,Ruminococcus flavefaciens,"NCBI Taxonomy EFetch, retrieved 2026-08-10"
1266,Sarcina,genus,,,"NCBI Taxonomy EFetch, retrieved 2026-08-10"
1270,Micrococcus luteus,species,1270.0,Micrococcus luteus,"NCBI Taxonomy EFetch, retrieved 2026-08-10"
1275,Kocuria rosea,species,1275.0,Kocuria rosea,"NCBI Taxonomy EFetch, retrieved 2026-08-10"
1279,Staphylococcus,genus,,,"NCBI Taxonomy EFetch, retrieved 2026-08-10"
1280,Staphylococcus aureus,species,1280.0,Staphylococcus aureus,"NCBI Taxonomy EFetch, retrieved 2026-08-10"
1281,Staphylococcus carnosus,species,1281.0,Staphylococcus carnosus,"NCBI Taxonomy EFetch, retrieved 2026-08-10"
1282,Staphylococcus epidermidis,species,1282.0,Staphylococcus epidermidis,"NCBI Taxonomy EFetch, retrieved 2026-08-10"
1283,Staphylococcus haemolyticus,species,1283.0,Staphylococcus haemolyticus,"NCBI Taxonomy EFetch, retrieved 2026-08-10"
1284,Staphylococcus hyicus,species,1284.0,Staphylococcus hyicus,"NCBI Taxonomy EFetch, retrieved 2026-08-10"
1285,Staphylococcus intermedius,species,1285.0,Staphylococcus intermedius,"NCBI Taxonomy EFetch, retrieved 2026-08-10"
1286,Staphylococcus simulans,species,1286.0,Staphylococcus simulans,"NCBI Taxonomy EFetch, retrieved 2026-08-10"
1288,Staphylococcus xylosus,species,1288.0,Staphylococcus xylosus,"NCBI Taxonomy EFetch, retrieved 2026-08-10"
1290,Staphylococcus hominis,species,1290.0,Staphylococcus hominis,"NCBI Taxonomy EFetch, retrieved 2026-08-10"
1292,Staphylococcus warneri,species,1292.0,Staphylococcus warneri,"NCBI Taxonomy EFetch, retrieved 2026-08-10"
1293,Staphylococcus gallinarum,species,1293.0,Staphylococcus gallinarum,"NCBI Taxonomy EFetch, retrieved 2026-08-10"
1295,Staphylococcus schleiferi,species,1295.0,Staphylococcus schleiferi,"NCBI Taxonomy EFetch, retrieved 2026-08-10"
1296,Mammaliicoccus sciuri,species,1296.0,Mammaliicoccus sciuri,"NCBI Taxonomy EFetch, retrieved 2026-08-10"
1299,Deinococcus radiodurans,species,1299.0,Deinococcus radiodurans,"NCBI Taxonomy EFetch, retrieved 2026-08-10"
1301,Streptococcus,genus,,,"NCBI Taxonomy EFetch, retrieved 2026-08-10"
1302,Streptococcus gordonii,species,1302.0,Streptococcus gordonii,"NCBI Taxonomy EFetch, retrieved 2026-08-10"
1303,Streptococcus oralis,species,1303.0,Streptococcus oralis,"NCBI Taxonomy EFetch, retrieved 2026-08-10"
1304,Streptococcus salivarius,species,1304.0,Streptococcus salivarius,"NCBI Taxonomy EFetch, retrieved 2026-08-10"
1305,Streptococcus sanguinis,species,1305.0,Streptococcus sanguinis,"NCBI Taxonomy EFetch, retrieved 2026-08-10"
1307,Streptococcus suis,species,1307.0,Streptococcus suis,"NCBI Taxonomy EFetch, retrieved 2026-08-10"
1308,Streptococcus thermophilus,species,1308.0,Streptococcus thermophilus,"NCBI Taxonomy EFetch, retrieved 2026-08-10"
1309,Streptococcus mutans,species,1309.0,Streptococcus mutans,"NCBI Taxonomy EFetch, retrieved 2026-08-10"
1310,Streptococcus sobrinus,species,1310.0,Streptococcus sobrinus,"NCBI Taxonomy EFetch, retrieved 2026-08-10"
1311,Streptococcus agalactiae,species,1311.0,Streptococcus agalactiae,"NCBI Taxonomy EFetch, retrieved 2026-08-10"
1313,Streptococcus pneumoniae,species,1313.0,Streptococcus pneumoniae,"NCBI Taxonomy EFetch, retrieved 2026-08-10"
1314,Streptococcus pyogenes,species,1314.0,Streptococcus pyogenes,"NCBI Taxonomy EFetch, retrieved 2026-08-10"
1318,Streptococcus parasanguinis,species,1318.0,Streptococcus parasanguinis,"NCBI Taxonomy EFetch, retrieved 2026-08-10"
1328,Streptococcus anginosus,species,1328.0,Streptococcus anginosus,"NCBI Taxonomy EFetch, retrieved 2026-08-10"
1334,Streptococcus dysgalactiae,species,1334.0,Streptococcus dysgalactiae,"NCBI Taxonomy EFetch, retrieved 2026-08-10"
1335,Streptococcus equinus,species,1335.0,Streptococcus equinus,"NCBI Taxonomy EFetch, retrieved 2026-08-10"
1336,Streptococcus equi,species,1336.0,Streptococcus equi,"NCBI Taxonomy EFetch, retrieved 2026-08-10"
1338,Streptococcus intermedius,species,1338.0,Streptococcus intermedius,"NCBI Taxonomy EFetch, retrieved 2026-08-10"
1343,Streptococcus vestibularis,species,1343.0,Streptococcus vestibularis,"NCBI Taxonomy EFetch, retrieved 2026-08-10"
1346,Streptococcus iniae,species,1346.0,Streptococcus iniae,"NCBI Taxonomy EFetch, retrieved 2026-08-10"
1349,Streptococcus uberis,species,1349.0,Streptococcus uberis,"NCBI Taxonomy EFetch, retrieved 2026-08-10"
1350,Enterococcus,genus,,,"NCBI Taxonomy EFetch, retrieved 2026-08-10"
1351,Enterococcus faecalis,species,1351.0,Enterococcus faecalis,"NCBI Taxonomy EFetch, retrieved 2026-08-10"
1352,Enterococcus faecium,species,1352.0,Enterococcus faecium,"NCBI Taxonomy EFetch, retrieved 2026-08-10"
1353,Enterococcus gallinarum,species,1353.0,Enterococcus gallinarum,"NCBI Taxonomy EFetch, retrieved 2026-08-10"
1354,Enterococcus hirae,species,1354.0,Enterococcus hirae,"NCBI Taxonomy EFetch, retrieved 2026-08-10"
1356,Enterococcus sulfureus,species,1356.0,Enterococcus sulfureus,"NCBI Taxonomy EFetch, retrieved 2026-08-10"
1358,Lactococcus lactis,species,1358.0,Lactococcus lactis,"NCBI Taxonomy EFetch, retrieved 2026-08-10"
1363,Lactococcus garvieae,species,1363.0,Lactococcus garvieae,"NCBI Taxonomy EFetch, retrieved 2026-08-10"
1377,Aerococcus viridans,species,1377.0,Aerococcus viridans,"NCBI Taxonomy EFetch, retrieved 2026-08-10"
1381,Atopobium minutum,species,1381.0,Atopobium minutum,"NCBI Taxonomy EFetch, retrieved 2026-08-10"
1382,Lancefieldella parvula,species,1382.0,Lancefieldella parvula,"NCBI Taxonomy EFetch, retrieved 2026-08-10"
1388,Alicyclobacillus acidocaldarius subsp. acidocaldarius,subspecies,405212.0,Alicyclobacillus acidocaldarius,"NCBI Taxonomy EFetch, retrieved 2026-08-10"
1390,Bacillus amyloliquefaciens,species,1390.0,Bacillus amyloliquefaciens,"NCBI Taxonomy EFetch, retrieved 2026-08-10"
1392,Bacillus anthracis,species,1392.0,Bacillus anthracis,"NCBI Taxonomy EFetch, retrieved 2026-08-10"
1393,Brevibacillus brevis,species,1393.0,Brevibacillus brevis,"NCBI Taxonomy EFetch, retrieved 2026-08-10"
1396,Bacillus cereus,species,1396.0,Bacillus cereus,"NCBI Taxonomy EFetch, retrieved 2026-08-10"
1399,Cytobacillus firmus,species,1399.0,Cytobacillus firmus,"NCBI Taxonomy EFetch, retrieved 2026-08-10"
1402,Bacillus licheniformis,species,1402.0,Bacillus licheniformis,"NCBI Taxonomy EFetch, retrieved 2026-08-10"
1404,Priestia megaterium,species,1404.0,Priestia megaterium,"NCBI Taxonomy EFetch, retrieved 2026-08-10"
1405,Bacillus mycoides,species,1405.0,Bacillus mycoides,"NCBI Taxonomy EFetch, retrieved 2026-08-10"
1406,Paenibacillus polymyxa,species,1406.0,Paenibacillus polymyxa,"NCBI Taxonomy EFetch, retrieved 2026-08-10"
1408,Bacillus pumilus,species,1408.0,Bacillus pumilus,"NCBI Taxonomy EFetch, retrieved 2026-08-10"
1421,Lysinibacillus sphaericus,species,1421.0,Lysinibacillus sphaericus,"NCBI Taxonomy EFetch, retrieved 2026-08-10"
1422,Geobacillus stearothermophilus,species,1422.0,Geobacillus stearothermophilus,"NCBI Taxonomy EFetch, retrieved 2026-08-10"
1423,Bacillus subtilis,species,1423.0,Bacillus subtilis,"NCBI Taxonomy EFetch, retrieved 2026-08-10"
1427,Bacillus thermoproteolyticus,species,1427.0,Bacillus thermoproteolyticus,"NCBI Taxonomy EFetch, retrieved 2026-08-10"
1428,Bacillus thuringiensis,species,1428.0,Bacillus thuringiensis,"NCBI Taxonomy EFetch, retrieved 2026-08-10"
1452,Bacillus atrophaeus,species,1452.0,Bacillus atrophaeus,"NCBI Taxonomy EFetch, retrieved 2026-08-10"
1464,Paenibacillus larvae,species,1464.0,Paenibacillus larvae,"NCBI Taxonomy EFetch, retrieved 2026-08-10"
1465,Brevibacillus laterosporus,species,1465.0,Brevibacillus laterosporus,"NCBI Taxonomy EFetch, retrieved 2026-08-10"
1474,Sporosarcina pasteurii,species,1474.0,Sporosarcina pasteurii,"NCBI Taxonomy EFetch, retrieved 2026-08-10"
1488,Clostridium acetobutylicum,species,1488.0,Clostridium acetobutylicum,"NCBI Taxonomy EFetch, retrieved 2026-08-10"
1491,Clostridium botulinum,species,1491.0,Clostridium botulinum,"NCBI Taxonomy EFetch, retrieved 2026-08-10"
1492,Clostridium butyricum,species,1492.0,Clostridium butyricum,"NCBI Taxonomy EFetch, retrieved 2026-08-10"
1496,Clostridioides difficile,species,1496.0,Clostridioides difficile,"NCBI Taxonomy EFetch, retrieved 2026-08-10"
1501,Clostridium pasteurianum,species,1501.0,Clostridium pasteurianum,"NCBI Taxonomy EFetch, retrieved 2026-08-10"
1502,Clostridium perfringens,species,1502.0,Clostridium perfringens,"NCBI Taxonomy EFetch, retrieved 2026-08-10"
1504,Clostridium septicum,species,1504.0,Clostridium septicum,"NCBI Taxonomy EFetch, retrieved 2026-08-10"
1509,Clostridium sporogenes,species,1509.0,Clostridium sporogenes,"NCBI Taxonomy EFetch, retrieved 2026-08-10"
1512,[Clostridium] symbiosum,species,1512.0,[Clostridium] symbiosum,"NCBI Taxonomy EFetch, retrieved 2026-08-10"
1513,Clostridium tetani,species,1513.0,Clostridium tetani,"NCBI Taxonomy EFetch, retrieved 2026-08-10"
1520,Clostridium beijerinckii,species,1520.0,Clostridium beijerinckii,"NCBI Taxonomy EFetch, retrieved 2026-08-10"
1529,Clostridium cadaveris,species,1529.0,Clostridium cadaveris,"NCBI Taxonomy EFetch, retrieved 2026-08-10"
1532,Blautia producta,species,1532.0,Blautia producta,"NCBI Taxonomy EFetch, retrieved 2026-08-10"
1533,Clostridium fallax,species,1533.0,Clostridium fallax,"NCBI Taxonomy EFetch, retrieved 2026-08-10"
1535,[Clostridium] leptum,species,1535.0,[Clostridium] leptum,"NCBI Taxonomy EFetch, retrieved 2026-08-10"
1539,Clostridium malenominatum,species,1539.0,Clostridium malenominatum,"NCBI Taxonomy EFetch, retrieved 2026-08-10"
1549,Faecalispora sporosphaeroides,species,1549.0,Faecalispora sporosphaeroides,"NCBI Taxonomy EFetch, retrieved 2026-08-10"
1550,Clostridium subterminale,species,1550.0,Clostridium subterminale,"NCBI Taxonomy EFetch, retrieved 2026-08-10"
1559,Clostridium tertium,species,1559.0,Clostridium tertium,"NCBI Taxonomy EFetch, retrieved 2026-08-10"
1561,Clostridium baratii,species,1561.0,Clostridium baratii,"NCBI Taxonomy EFetch, retrieved 2026-08-10"
1571,Sporosarcina ureae,species,1571.0,Sporosarcina ureae,"NCBI Taxonomy EFetch, retrieved 2026-08-10"
1579,Lactobacillus acidophilus,species,1579.0,Lactobacillus acidophilus,"NCBI Taxonomy EFetch, retrieved 2026-08-10"
1580,Levilactobacillus brevis,species,1580.0,Levilactobacillus brevis,"NCBI Taxonomy EFetch, retrieved 2026-08-10"
1584,Lactobacillus delbrueckii,species,1584.0,Lactobacillus delbrueckii,"NCBI Taxonomy EFetch, retrieved 2026-08-10"
1596,Lactobacillus gasseri,species,1596.0,Lactobacillus gasseri,"NCBI Taxonomy EFetch, retrieved 2026-08-10"
1597,Lacticaseibacillus paracasei,species,1597.0,Lacticaseibacillus paracasei,"NCBI Taxonomy EFetch, retrieved 2026-08-10"
1599,Latilactobacillus sakei,species,1599.0,Latilactobacillus sakei,"NCBI Taxonomy EFetch, retrieved 2026-08-10"
1624,Ligilactobacillus salivarius,species,1624.0,Ligilactobacillus salivarius,"NCBI Taxonomy EFetch, retrieved 2026-08-10"
1638,Listeria ivanovii,species,1638.0,Listeria ivanovii,"NCBI Taxonomy EFetch, retrieved 2026-08-10"
1639,Listeria monocytogenes,species,1639.0,Listeria monocytogenes,"NCBI Taxonomy EFetch, retrieved 2026-08-10"
1640,Listeria seeligeri,species,1640.0,Listeria seeligeri,"NCBI Taxonomy EFetch, retrieved 2026-08-10"
1641,Listeria grayi,species,1641.0,Listeria grayi,"NCBI Taxonomy EFetch, retrieved 2026-08-10"
1642,Listeria innocua,species,1642.0,Listeria innocua,"NCBI Taxonomy EFetch, retrieved 2026-08-10"
1643,Listeria welshimeri,species,1643.0,Listeria welshimeri,"NCBI Taxonomy EFetch, retrieved 2026-08-10"
1648,Erysipelothrix rhusiopathiae,species,1648.0,Erysipelothrix rhusiopathiae,"NCBI Taxonomy EFetch, retrieved 2026-08-10"
1652,Alloiococcus otitis,species,1652.0,Alloiococcus otitis,"NCBI Taxonomy EFetch, retrieved 2026-08-10"
1655,Actinomyces naeslundii,species,1655.0,Actinomyces naeslundii,"NCBI Taxonomy EFetch, retrieved 2026-08-10"
1656,Actinomyces viscosus,species,1656.0,Actinomyces viscosus,"NCBI Taxonomy EFetch, retrieved 2026-08-10"
1659,Actinomyces israelii,species,1659.0,Actinomyces israelii,"NCBI Taxonomy EFetch, retrieved 2026-08-10"
1660,Schaalia odontolytica,species,1660.0,Schaalia odontolytica,"NCBI Taxonomy EFetch, retrieved 2026-08-10"
1670,Arthrobacter citreus,species,1670.0,Arthrobacter citreus,"NCBI Taxonomy EFetch, retrieved 2026-08-10"
1671,Pseudarthrobacter oxydans,species,1671.0,Pseudarthrobacter oxydans,"NCBI Taxonomy EFetch, retrieved 2026-08-10"
1679,Bifidobacterium longum subsp. longum,subspecies,216816.0,Bifidobacterium longum,"NCBI Taxonomy EFetch, retrieved 2026-08-10"
1680,Bifidobacterium adolescentis,species,1680.0,Bifidobacterium adolescentis,"NCBI Taxonomy EFetch, retrieved 2026-08-10"
1681,Bifidobacterium bifidum,species,1681.0,Bifidobacterium bifidum,"NCBI Taxonomy EFetch, retrieved 2026-08-10"
1682,Bifidobacterium longum subsp. infantis,subspecies,216816.0,Bifidobacterium longum,"NCBI Taxonomy EFetch, retrieved 2026-08-10"
1685,Bifidobacterium breve,species,1685.0,Bifidobacterium breve,"NCBI Taxonomy EFetch, retrieved 2026-08-10"
1689,Bifidobacterium dentium,species,1689.0,Bifidobacterium dentium,"NCBI Taxonomy EFetch, retrieved 2026-08-10"
1694,Bifidobacterium pseudolongum,species,1694.0,Bifidobacterium pseudolongum,"NCBI Taxonomy EFetch, retrieved 2026-08-10"
1697,Corynebacterium ammoniagenes,species,1697.0,Corynebacterium ammoniagenes,"NCBI Taxonomy EFetch, retrieved 2026-08-10"
1698,Brevibacterium epidermidis,species,1698.0,Brevibacterium epidermidis,"NCBI Taxonomy EFetch, retrieved 2026-08-10"
1703,Brevibacterium linens,species,1703.0,Brevibacterium linens,"NCBI Taxonomy EFetch, retrieved 2026-08-10"
1710,Cellulosimicrobium cellulans,species,1710.0,Cellulosimicrobium cellulans,"NCBI Taxonomy EFetch, retrieved 2026-08-10"
1717,Corynebacterium diphtheriae,species,1717.0,Corynebacterium diphtheriae,"NCBI Taxonomy EFetch, retrieved 2026-08-10"
1718,Corynebacterium glutamicum,species,1718.0,Corynebacterium glutamicum,"NCBI Taxonomy EFetch, retrieved 2026-08-10"
1719,Corynebacterium pseudotuberculosis,species,1719.0,Corynebacterium pseudotuberculosis,"NCBI Taxonomy EFetch, retrieved 2026-08-10"
1720,Corynebacterium sp.,species,1720.0,Corynebacterium sp.,"NCBI Taxonomy EFetch, retrieved 2026-08-10"
1725,Corynebacterium xerosis,species,1725.0,Corynebacterium xerosis,"NCBI Taxonomy EFetch, retrieved 2026-08-10"
1735,Holdemanella biformis,species,1735.0,Holdemanella biformis,"NCBI Taxonomy EFetch, retrieved 2026-08-10"
1736,Eubacterium limosum,species,1736.0,Eubacterium limosum,"NCBI Taxonomy EFetch, retrieved 2026-08-10"
1747,Cutibacterium acnes,species,1747.0,Cutibacterium acnes,"NCBI Taxonomy EFetch, retrieved 2026-08-10"
1750,Arachnia propionica,species,1750.0,Arachnia propionica,"NCBI Taxonomy EFetch, retrieved 2026-08-10"
1763,Mycobacterium,genus,,,"NCBI Taxonomy EFetch, retrieved 2026-08-10"
1764,Mycobacterium avium,species,1764.0,Mycobacterium avium,"NCBI Taxonomy EFetch, retrieved 2026-08-10"
1765,Mycobacterium tuberculosis variant bovis,biotype,1773.0,Mycobacterium tuberculosis,"NCBI Taxonomy EFetch, retrieved 2026-08-10"
1767,Mycobacterium intracellulare,species,1767.0,Mycobacterium intracellulare,"NCBI Taxonomy EFetch, retrieved 2026-08-10"
1768,Mycobacterium kansasii,species,1768.0,Mycobacterium kansasii,"NCBI Taxonomy EFetch, retrieved 2026-08-10"
1769,Mycobacterium leprae,species,1769.0,Mycobacterium leprae,"NCBI Taxonomy EFetch, retrieved 2026-08-10"
1770,Mycobacterium avium subsp. paratuberculosis,subspecies,1764.0,Mycobacterium avium,"NCBI Taxonomy EFetch, retrieved 2026-08-10"
1772,Mycolicibacterium smegmatis,species,1772.0,Mycolicibacterium smegmatis,"NCBI Taxonomy EFetch, retrieved 2026-08-10"
1773,Mycobacterium tuberculosis,species,1773.0,Mycobacterium tuberculosis,"NCBI Taxonomy EFetch, retrieved 2026-08-10"
1774,Mycobacteroides chelonae,species,1774.0,Mycobacteroides chelonae,"NCBI Taxonomy EFetch, retrieved 2026-08-10"
1778,Mycobacterium gordonae,species,1778.0,Mycobacterium gordonae,"NCBI Taxonomy EFetch, retrieved 2026-08-10"
1780,Mycobacterium malmoense,species,1780.0,Mycobacterium malmoense,"NCBI Taxonomy EFetch, retrieved 2026-08-10"
1781,Mycobacterium marinum,species,1781.0,Mycobacterium marinum,"NCBI Taxonomy EFetch, retrieved 2026-08-10"
1783,Mycobacterium scrofulaceum,species,1783.0,Mycobacterium scrofulaceum,"NCBI Taxonomy EFetch, retrieved 2026-08-10"
1784,Mycobacterium simiae,species,1784.0,Mycobacterium simiae,"NCBI Taxonomy EFetch, retrieved 2026-08-10"
1787,Mycobacterium szulgai,species,1787.0,Mycobacterium szulgai,"NCBI Taxonomy EFetch, retrieved 2026-08-10"
1789,Mycobacterium xenopi,species,1789.0,Mycobacterium xenopi,"NCBI Taxonomy EFetch, retrieved 2026-08-10"
1809,Mycobacterium ulcerans,species,1809.0,Mycobacterium ulcerans,"NCBI Taxonomy EFetch, retrieved 2026-08-10"
1810,Mycolicibacterium vaccae,species,1810.0,Mycolicibacterium vaccae,"NCBI Taxonomy EFetch, retrieved 2026-08-10"
1823,Nocardia otitidiscaviarum,species,1823.0,Nocardia otitidiscaviarum,"NCBI Taxonomy EFetch, retrieved 2026-08-10"
1824,Nocardia asteroides,species,1824.0,Nocardia asteroides,"NCBI Taxonomy EFetch, retrieved 2026-08-10"
1828,Rhodococcoides fascians,species,1828.0,Rhodococcoides fascians,"NCBI Taxonomy EFetch, retrieved 2026-08-10"
1867,Actinoplanes teichomyceticus,species,1867.0,Actinoplanes teichomyceticus,"NCBI Taxonomy EFetch, retrieved 2026-08-10"
1883,Streptomyces,genus,,,"NCBI Taxonomy EFetch, retrieved 2026-08-10"
1888,Streptomyces albus,species,1888.0,Streptomyces albus,"NCBI Taxonomy EFetch, retrieved 2026-08-10"
1890,Streptomyces antibioticus,species,1890.0,Streptomyces antibioticus,"NCBI Taxonomy EFetch, retrieved 2026-08-10"
1895,Streptomyces avidinii,species,1895.0,Streptomyces avidinii,"NCBI Taxonomy EFetch, retrieved 2026-08-10"
1902,Streptomyces coelicolor,species,1902.0,Streptomyces coelicolor,"NCBI Taxonomy EFetch, retrieved 2026-08-10"
1911,Streptomyces griseus,species,1911.0,Streptomyces griseus,"NCBI Taxonomy EFetch, retrieved 2026-08-10"
1912,Streptomyces hygroscopicus,species,1912.0,Streptomyces hygroscopicus,"NCBI Taxonomy EFetch, retrieved 2026-08-10"
1916,Streptomyces lividans,species,1916.0,Streptomyces lividans,"NCBI Taxonomy EFetch, retrieved 2026-08-10"
1922,Streptomyces plicatus,species,1922.0,Streptomyces plicatus,"NCBI Taxonomy EFetch, retrieved 2026-08-10"
1930,Streptomyces scabiei,species,1930.0,Streptomyces scabiei,"NCBI Taxonomy EFetch, retrieved 2026-08-10"
1934,Streptomyces thermovulgaris,species,1934.0,Streptomyces thermovulgaris,"NCBI Taxonomy EFetch, retrieved 2026-08-10"
2045,Pimelobacter simplex,species,2045.0,Pimelobacter simplex,"NCBI Taxonomy EFetch, retrieved 2026-08-10"
2052,Mobiluncus mulieris,species,2052.0,Mobiluncus mulieris,"NCBI Taxonomy EFetch, retrieved 2026-08-10"
2097,Mycoplasmoides genitalium,species,2097.0,Mycoplasmoides genitalium,"NCBI Taxonomy EFetch, retrieved 2026-08-10"
2107,Mycoplasmopsis pulmonis,species,2107.0,Mycoplasmopsis pulmonis,"NCBI Taxonomy EFetch, retrieved 2026-08-10"
2115,Mycoplasmopsis fermentans,species,2115.0,Mycoplasmopsis fermentans,"NCBI Taxonomy EFetch, retrieved 2026-08-10"
2123,Mycoplasma putrefaciens,species,2123.0,Mycoplasma putrefaciens,"NCBI Taxonomy EFetch, retrieved 2026-08-10"
2130,Ureaplasma urealyticum,species,2130.0,Ureaplasma urealyticum,"NCBI Taxonomy EFetch, retrieved 2026-08-10"
2133,Spiroplasma citri,species,2133.0,Spiroplasma citri,"NCBI Taxonomy EFetch, retrieved 2026-08-10"
2136,Spiroplasma monobiae,species,2136.0,Spiroplasma monobiae,"NCBI Taxonomy EFetch, retrieved 2026-08-10"
2137,Spiroplasma apis,species,2137.0,Spiroplasma apis,"NCBI Taxonomy EFetch, retrieved 2026-08-10"
2148,Acholeplasma laidlawii,species,2148.0,Acholeplasma laidlawii,"NCBI Taxonomy EFetch, retrieved 2026-08-10"
2190,Methanocaldococcus jannaschii,species,2190.0,Methanocaldococcus jannaschii,"NCBI Taxonomy EFetch, retrieved 2026-08-10"
2303,Thermoplasma acidophilum,species,2303.0,Thermoplasma acidophilum,"NCBI Taxonomy EFetch, retrieved 2026-08-10"
2336,Thermotoga maritima,species,2336.0,Thermotoga maritima,"NCBI Taxonomy EFetch, retrieved 2026-08-10"
2734,Symbiobacterium thermophilum,species,2734.0,Symbiobacterium thermophilum,"NCBI Taxonomy EFetch, retrieved 2026-08-10"
2741,Peptococcus niger,species,2741.0,Peptococcus niger,"NCBI Taxonomy EFetch, retrieved 2026-08-10"
2748,Carnobacterium divergens,species,2748.0,Carnobacterium divergens,"NCBI Taxonomy EFetch, retrieved 2026-08-10"
2750,Carnobacterium mobile,species,2750.0,Carnobacterium mobile,"NCBI Taxonomy EFetch, retrieved 2026-08-10"
2751,Carnobacterium maltaromaticum,species,2751.0,Carnobacterium maltaromaticum,"NCBI Taxonomy EFetch, retrieved 2026-08-10"
2752,Carnobacterium funditum,species,2752.0,Carnobacterium funditum,"NCBI Taxonomy EFetch, retrieved 2026-08-10"
3046,Dunaliella salina,species,3046.0,Dunaliella salina,"NCBI Taxonomy EFetch, retrieved 2026-08-10"
3047,Dunaliella tertiolecta,species,3047.0,Dunaliella tertiolecta,"NCBI Taxonomy EFetch, retrieved 2026-08-10"
3055,Chlamydomonas reinhardtii,species,3055.0,Chlamydomonas reinhardtii,"NCBI Taxonomy EFetch, retrieved 2026-08-10"
3112,Prototheca zopfii,species,3112.0,Prototheca zopfii,"NCBI Taxonomy EFetch, retrieved 2026-08-10"
3827,Cicer arietinum,species,3827.0,Cicer arietinum,"NCBI Taxonomy EFetch, retrieved 2026-08-10"
4784,Phytophthora capsici,species,4784.0,Phytophthora capsici,"NCBI Taxonomy EFetch, retrieved 2026-08-10"
4785,Phytophthora cinnamomi,species,4785.0,Phytophthora cinnamomi,"NCBI Taxonomy EFetch, retrieved 2026-08-10"
4787,Phytophthora infestans,species,4787.0,Phytophthora infestans,"NCBI Taxonomy EFetch, retrieved 2026-08-10"
4788,Phytophthora megasperma,species,4788.0,Phytophthora megasperma,"NCBI Taxonomy EFetch, retrieved 2026-08-10"
4790,Phytophthora nicotianae,species,4790.0,Phytophthora nicotianae,"NCBI Taxonomy EFetch, retrieved 2026-08-10"
4792,Phytophthora nicotianae,species,4792.0,Phytophthora nicotianae,"NCBI Taxonomy EFetch, retrieved 2026-08-10"
4796,Phytophthora palmivora,species,4796.0,Phytophthora palmivora,"NCBI Taxonomy EFetch, retrieved 2026-08-10"
4839,Rhizomucor miehei,species,4839.0,Rhizomucor miehei,"NCBI Taxonomy EFetch, retrieved 2026-08-10"
4840,Rhizomucor pusillus,species,4840.0,Rhizomucor pusillus,"NCBI Taxonomy EFetch, retrieved 2026-08-10"
4841,Mucor racemosus,species,4841.0,Mucor racemosus,"NCBI Taxonomy EFetch, retrieved 2026-08-10"
4842,Rhizopus,genus,,,"NCBI Taxonomy EFetch, retrieved 2026-08-10"
4843,Rhizopus microsporus var. chinensis,varietas,58291.0,Rhizopus microsporus,"NCBI Taxonomy EFetch, retrieved 2026-08-10"
4846,Rhizopus stolonifer,species,4846.0,Rhizopus stolonifer,"NCBI Taxonomy EFetch, retrieved 2026-08-10"
4847,Rhizopus microsporus var. oligosporus,varietas,58291.0,Rhizopus microsporus,"NCBI Taxonomy EFetch, retrieved 2026-08-10"
4896,Schizosaccharomyces pombe,species,4896.0,Schizosaccharomyces pombe,"NCBI Taxonomy EFetch, retrieved 2026-08-10"
4903,Williopsis jadinii,species,4903.0,Williopsis jadinii,"NCBI Taxonomy EFetch, retrieved 2026-08-10"
4909,Pichia kudriavzevii,species,4909.0,Pichia kudriavzevii,"NCBI Taxonomy EFetch, retrieved 2026-08-10"
4911,Kluyveromyces marxianus,species,4911.0,Kluyveromyces marxianus,"NCBI Taxonomy EFetch, retrieved 2026-08-10"
4921,Pichia norvegensis,species,4921.0,Pichia norvegensis,"NCBI Taxonomy EFetch, retrieved 2026-08-10"
4926,Pichia membranifaciens,species,4926.0,Pichia membranifaciens,"NCBI Taxonomy EFetch, retrieved 2026-08-10"
4927,Hansenula anomala,species,4927.0,Hansenula anomala,"NCBI Taxonomy EFetch, retrieved 2026-08-10"
4929,Meyerozyma guilliermondii,species,4929.0,Meyerozyma guilliermondii,"NCBI Taxonomy EFetch, retrieved 2026-08-10"
4932,Saccharomyces cerevisiae,species,4932.0,Saccharomyces cerevisiae,"NCBI Taxonomy EFetch, retrieved 2026-08-10"
4950,Torulaspora delbrueckii,species,4950.0,Torulaspora delbrueckii,"NCBI Taxonomy EFetch, retrieved 2026-08-10"
4952,Yarrowia lipolytica,species,4952.0,Yarrowia lipolytica,"NCBI Taxonomy EFetch, retrieved 2026-08-10"
4954,Zygosaccharomyces bailii,species,4954.0,Zygosaccharomyces bailii,"NCBI Taxonomy EFetch, retrieved 2026-08-10"
4956,Zygosaccharomyces rouxii,species,4956.0,Zygosaccharomyces rouxii,"NCBI Taxonomy EFetch, retrieved 2026-08-10"
4959,Debaryomyces hansenii,species,4959.0,Debaryomyces hansenii,"NCBI Taxonomy EFetch, retrieved 2026-08-10"
5016,Bipolaris maydis,species,5016.0,Bipolaris maydis,"NCBI Taxonomy EFetch, retrieved 2026-08-10"
5025,Venturia inaequalis,species,5025.0,Venturia inaequalis,"NCBI Taxonomy EFetch, retrieved 2026-08-10"
5037,Histoplasma capsulatum,species,5037.0,Histoplasma capsulatum,"NCBI Taxonomy EFetch, retrieved 2026-08-10"
5039,Blastomyces dermatitidis,species,5039.0,Blastomyces dermatitidis,"NCBI Taxonomy EFetch, retrieved 2026-08-10"
5044,Hapsidospora chrysogena,species,5044.0,Hapsidospora chrysogena,"NCBI Taxonomy EFetch, retrieved 2026-08-10"
5054,Aspergillus amstelodami,species,5054.0,Aspergillus amstelodami,"NCBI Taxonomy EFetch, retrieved 2026-08-10"
5057,Aspergillus clavatus,species,5057.0,Aspergillus clavatus,"NCBI Taxonomy EFetch, retrieved 2026-08-10"
5058,Aspergillus ficuum,species,5058.0,Aspergillus ficuum,"NCBI Taxonomy EFetch, retrieved 2026-08-10"
5059,Aspergillus flavus,species,5059.0,Aspergillus flavus,"NCBI Taxonomy EFetch, retrieved 2026-08-10"
5061,Aspergillus niger,species,5061.0,Aspergillus niger,"NCBI Taxonomy EFetch, retrieved 2026-08-10"
5062,Aspergillus oryzae,species,5062.0,Aspergillus oryzae,"NCBI Taxonomy EFetch, retrieved 2026-08-10"
5064,Aspergillus restrictus,species,5064.0,Aspergillus restrictus,"NCBI Taxonomy EFetch, retrieved 2026-08-10"
5066,Aspergillus wentii,species,5066.0,Aspergillus wentii,"NCBI Taxonomy EFetch, retrieved 2026-08-10"
5067,Aspergillus parasiticus,species,5067.0,Aspergillus parasiticus,"NCBI Taxonomy EFetch, retrieved 2026-08-10"
5068,Aspergillus tubingensis,species,5068.0,Aspergillus tubingensis,"NCBI Taxonomy EFetch, retrieved 2026-08-10"
5074,Penicillium brevicompactum,species,5074.0,Penicillium brevicompactum,"NCBI Taxonomy EFetch, retrieved 2026-08-10"
5076,Penicillium chrysogenum,species,5076.0,Penicillium chrysogenum,"NCBI Taxonomy EFetch, retrieved 2026-08-10"
5077,Penicillium citrinum,species,5077.0,Penicillium citrinum,"NCBI Taxonomy EFetch, retrieved 2026-08-10"
5078,Penicillium griseofulvum,species,5078.0,Penicillium griseofulvum,"NCBI Taxonomy EFetch, retrieved 2026-08-10"
5082,Penicillium roqueforti,species,5082.0,Penicillium roqueforti,"NCBI Taxonomy EFetch, retrieved 2026-08-10"
5085,Aspergillus fumigatus,species,5085.0,Aspergillus fumigatus,"NCBI Taxonomy EFetch, retrieved 2026-08-10"
5098,Monascus purpureus,species,5098.0,Monascus purpureus,"NCBI Taxonomy EFetch, retrieved 2026-08-10"
5101,Amorphotheca resinae,species,5101.0,Amorphotheca resinae,"NCBI Taxonomy EFetch, retrieved 2026-08-10"
5111,Claviceps purpurea,species,5111.0,Claviceps purpurea,"NCBI Taxonomy EFetch, retrieved 2026-08-10"
5127,Fusarium fujikuroi,species,5127.0,Fusarium fujikuroi,"NCBI Taxonomy EFetch, retrieved 2026-08-10"
5141,Neurospora crassa,species,5141.0,Neurospora crassa,"NCBI Taxonomy EFetch, retrieved 2026-08-10"
5180,Sclerotinia sclerotiorum,species,5180.0,Sclerotinia sclerotiorum,"NCBI Taxonomy EFetch, retrieved 2026-08-10"
5207,Cryptococcus neoformans,species,5207.0,Cryptococcus neoformans,"NCBI Taxonomy EFetch, retrieved 2026-08-10"
5252,Ceratobasidium cornigerum,species,5252.0,Ceratobasidium cornigerum,"NCBI Taxonomy EFetch, retrieved 2026-08-10"
5264,Uromyces appendiculatus,species,5264.0,Uromyces appendiculatus,"NCBI Taxonomy EFetch, retrieved 2026-08-10"
5322,Pleurotus ostreatus,species,5322.0,Pleurotus ostreatus,"NCBI Taxonomy EFetch, retrieved 2026-08-10"
5325,Trametes versicolor,species,5325.0,Trametes versicolor,"NCBI Taxonomy EFetch, retrieved 2026-08-10"
5334,Schizophyllum commune,species,5334.0,Schizophyllum commune,"NCBI Taxonomy EFetch, retrieved 2026-08-10"
5384,Suillus luteus,species,5384.0,Suillus luteus,"NCBI Taxonomy EFetch, retrieved 2026-08-10"
5417,Vanrija humicola,species,5417.0,Vanrija humicola,"NCBI Taxonomy EFetch, retrieved 2026-08-10"
5457,Colletotrichum gloeosporioides,species,5457.0,Colletotrichum gloeosporioides,"NCBI Taxonomy EFetch, retrieved 2026-08-10"
5462,Colletotrichum lagenaria,species,5462.0,Colletotrichum lagenaria,"NCBI Taxonomy EFetch, retrieved 2026-08-10"
5465,Colletotrichum orbiculare,species,5465.0,Colletotrichum orbiculare,"NCBI Taxonomy EFetch, retrieved 2026-08-10"
5467,Colletotrichum truncatum,species,5467.0,Colletotrichum truncatum,"NCBI Taxonomy EFetch, retrieved 2026-08-10"
5475,Candida,genus,,,"NCBI Taxonomy EFetch, retrieved 2026-08-10"
5476,Candida albicans,species,5476.0,Candida albicans,"NCBI Taxonomy EFetch, retrieved 2026-08-10"
5477,[Candida] boidinii,species,5477.0,[Candida] boidinii,"NCBI Taxonomy EFetch, retrieved 2026-08-10"
5480,Lodderomyces parapsilosis,species,5480.0,Lodderomyces parapsilosis,"NCBI Taxonomy EFetch, retrieved 2026-08-10"
5481,Diutina rugosa,species,5481.0,Diutina rugosa,"NCBI Taxonomy EFetch, retrieved 2026-08-10"
5482,Candida tropicalis,species,5482.0,Candida tropicalis,"NCBI Taxonomy EFetch, retrieved 2026-08-10"
5486,Candida viswanathii,species,5486.0,Candida viswanathii,"NCBI Taxonomy EFetch, retrieved 2026-08-10"
5501,Coccidioides immitis,species,5501.0,Coccidioides immitis,"NCBI Taxonomy EFetch, retrieved 2026-08-10"
5503,Curvularia lunata,species,5503.0,Curvularia lunata,"NCBI Taxonomy EFetch, retrieved 2026-08-10"
5507,Fusarium oxysporum,species,5507.0,Fusarium oxysporum,"NCBI Taxonomy EFetch, retrieved 2026-08-10"
5514,Fusarium sporotrichioides,species,5514.0,Fusarium sporotrichioides,"NCBI Taxonomy EFetch, retrieved 2026-08-10"
5515,Fusarium acuminatum,species,5515.0,Fusarium acuminatum,"NCBI Taxonomy EFetch, retrieved 2026-08-10"
5516,Fusarium culmorum,species,5516.0,Fusarium culmorum,"NCBI Taxonomy EFetch, retrieved 2026-08-10"
5518,Fusarium graminearum,species,5518.0,Fusarium graminearum,"NCBI Taxonomy EFetch, retrieved 2026-08-10"
5520,Microdochium nivale,species,5520.0,Microdochium nivale,"NCBI Taxonomy EFetch, retrieved 2026-08-10"
5523,Fusarium lateritium,species,5523.0,Fusarium lateritium,"NCBI Taxonomy EFetch, retrieved 2026-08-10"
5535,Rhodotorula glutinis,species,5535.0,Rhodotorula glutinis,"NCBI Taxonomy EFetch, retrieved 2026-08-10"
5537,Rhodotorula mucilaginosa,species,5537.0,Rhodotorula mucilaginosa,"NCBI Taxonomy EFetch, retrieved 2026-08-10"
5544,Trichoderma harzianum,species,5544.0,Trichoderma harzianum,"NCBI Taxonomy EFetch, retrieved 2026-08-10"
5547,Trichoderma viride,species,5547.0,Trichoderma viride,"NCBI Taxonomy EFetch, retrieved 2026-08-10"
5551,Trichophyton rubrum,species,5551.0,Trichophyton rubrum,"NCBI Taxonomy EFetch, retrieved 2026-08-10"
5553,Trichosporon beigelii,species,5553.0,Trichosporon beigelii,"NCBI Taxonomy EFetch, retrieved 2026-08-10"
5580,Aureobasidium pullulans,species,5580.0,Aureobasidium pullulans,"NCBI Taxonomy EFetch, retrieved 2026-08-10"
5584,Exophiala jeanselmei,species,5584.0,Exophiala jeanselmei,"NCBI Taxonomy EFetch, retrieved 2026-08-10"
5597,Scedosporium boydii,species,5597.0,Scedosporium boydii,"NCBI Taxonomy EFetch, retrieved 2026-08-10"
5599,Alternaria alternata,species,5599.0,Alternaria alternata,"NCBI Taxonomy EFetch, retrieved 2026-08-10"
5632,Lenzites betulinus,species,5632.0,Lenzites betulinus,"NCBI Taxonomy EFetch, retrieved 2026-08-10"
5802,Eimeria tenella,species,5802.0,Eimeria tenella,"NCBI Taxonomy EFetch, retrieved 2026-08-10"
5807,Cryptosporidium parvum,species,5807.0,Cryptosporidium parvum,"NCBI Taxonomy EFetch, retrieved 2026-08-10"
5811,Toxoplasma gondii,species,5811.0,Toxoplasma gondii,"NCBI Taxonomy EFetch, retrieved 2026-08-10"
5970,Exophiala dermatitidis,species,5970.0,Exophiala dermatitidis,"NCBI Taxonomy EFetch, retrieved 2026-08-10"
6643,Octopus,genus,,,"NCBI Taxonomy EFetch, retrieved 2026-08-10"
9031,Gallus gallus,species,9031.0,Gallus gallus,"NCBI Taxonomy EFetch, retrieved 2026-08-10"
13373,Burkholderia mallei,species,13373.0,Burkholderia mallei,"NCBI Taxonomy EFetch, retrieved 2026-08-10"
13616,Monodelphis domestica,species,13616.0,Monodelphis domestica,"NCBI Taxonomy EFetch, retrieved 2026-08-10"
13689,Sphingomonas paucimobilis,species,13689.0,Sphingomonas paucimobilis,"NCBI Taxonomy EFetch, retrieved 2026-08-10"
13706,Syncephalastrum racemosum,species,13706.0,Syncephalastrum racemosum,"NCBI Taxonomy EFetch, retrieved 2026-08-10"
27317,Geotrichum galactomycetum,species,27317.0,Geotrichum galactomycetum,"NCBI Taxonomy EFetch, retrieved 2026-08-10"
27326,Metschnikowia pulcherrima,species,27326.0,Metschnikowia pulcherrima,"NCBI Taxonomy EFetch, retrieved 2026-08-10"
27334,Penicillium expansum,species,27334.0,Penicillium expansum,"NCBI Taxonomy EFetch, retrieved 2026-08-10"
27335,Verticillium albo-atrum,species,27335.0,Verticillium albo-atrum,"NCBI Taxonomy EFetch, retrieved 2026-08-10"
27337,Verticillium dahliae,species,27337.0,Verticillium dahliae,"NCBI Taxonomy EFetch, retrieved 2026-08-10"
27338,Sordaria fimicola,species,27338.0,Sordaria fimicola,"NCBI Taxonomy EFetch, retrieved 2026-08-10"
27357,Colletotrichum acutatum,species,27357.0,Colletotrichum acutatum,"NCBI Taxonomy EFetch, retrieved 2026-08-10"
27358,Colletotrichum coccodes,species,27358.0,Colletotrichum coccodes,"NCBI Taxonomy EFetch, retrieved 2026-08-10"
28025,Bifidobacterium animalis,species,28025.0,Bifidobacterium animalis,"NCBI Taxonomy EFetch, retrieved 2026-08-10"
28026,Bifidobacterium pseudocatenulatum,species,28026.0,Bifidobacterium pseudocatenulatum,"NCBI Taxonomy EFetch, retrieved 2026-08-10"
28035,Staphylococcus lugdunensis,species,28035.0,Staphylococcus lugdunensis,"NCBI Taxonomy EFetch, retrieved 2026-08-10"
28037,Streptococcus mitis,species,28037.0,Streptococcus mitis,"NCBI Taxonomy EFetch, retrieved 2026-08-10"
28090,Acinetobacter lwoffii,species,28090.0,Acinetobacter lwoffii,"NCBI Taxonomy EFetch, retrieved 2026-08-10"
28110,Francisella philomiragia,species,28110.0,Francisella philomiragia,"NCBI Taxonomy EFetch, retrieved 2026-08-10"
28111,Bacteroides eggerthii,species,28111.0,Bacteroides eggerthii,"NCBI Taxonomy EFetch, retrieved 2026-08-10"
28113,Prevotella heparinolytica,species,28113.0,Prevotella heparinolytica,"NCBI Taxonomy EFetch, retrieved 2026-08-10"
28114,Porphyromonas levii,species,28114.0,Porphyromonas levii,"NCBI Taxonomy EFetch, retrieved 2026-08-10"
28115,Porphyromonas macacae,species,28115.0,Porphyromonas macacae,"NCBI Taxonomy EFetch, retrieved 2026-08-10"
28116,Bacteroides ovatus,species,28116.0,Bacteroides ovatus,"NCBI Taxonomy EFetch, retrieved 2026-08-10"
28118,Odoribacter splanchnicus,species,28118.0,Odoribacter splanchnicus,"NCBI Taxonomy EFetch, retrieved 2026-08-10"
28119,Bacteroides zoogleoformans,species,28119.0,Bacteroides zoogleoformans,"NCBI Taxonomy EFetch, retrieved 2026-08-10"
28123,Porphyromonas asaccharolytica,species,28123.0,Porphyromonas asaccharolytica,"NCBI Taxonomy EFetch, retrieved 2026-08-10"
28125,Prevotella bivia,species,28125.0,Prevotella bivia,"NCBI Taxonomy EFetch, retrieved 2026-08-10"
28126,Segatella buccae,species,28126.0,Segatella buccae,"NCBI Taxonomy EFetch, retrieved 2026-08-10"
28128,Prevotella corporis,species,28128.0,Prevotella corporis,"NCBI Taxonomy EFetch, retrieved 2026-08-10"
28129,Prevotella denticola,species,28129.0,Prevotella denticola,"NCBI Taxonomy EFetch, retrieved 2026-08-10"
28130,Prevotella disiens,species,28130.0,Prevotella disiens,"NCBI Taxonomy EFetch, retrieved 2026-08-10"
28131,Prevotella intermedia,species,28131.0,Prevotella intermedia,"NCBI Taxonomy EFetch, retrieved 2026-08-10"
28132,Prevotella melaninogenica,species,28132.0,Prevotella melaninogenica,"NCBI Taxonomy EFetch, retrieved 2026-08-10"
28133,Prevotella nigrescens,species,28133.0,Prevotella nigrescens,"NCBI Taxonomy EFetch, retrieved 2026-08-10"
28135,Segatella oris,species,28135.0,Segatella oris,"NCBI Taxonomy EFetch, retrieved 2026-08-10"
28136,Segatella oulorum,species,28136.0,Segatella oulorum,"NCBI Taxonomy EFetch, retrieved 2026-08-10"
28137,Prevotella veroralis,species,28137.0,Prevotella veroralis,"NCBI Taxonomy EFetch, retrieved 2026-08-10"
28141,Cronobacter sakazakii,species,28141.0,Cronobacter sakazakii,"NCBI Taxonomy EFetch, retrieved 2026-08-10"
28147,Salmonella enterica subsp. enterica serovar Oranienburg,no rank,28901.0,Salmonella enterica,"NCBI Taxonomy EFetch, retrieved 2026-08-10"
28171,Vibrio aestuarianus,species,28171.0,Vibrio aestuarianus,"NCBI Taxonomy EFetch, retrieved 2026-08-10"
28184,Leptospira weilii,species,28184.0,Leptospira weilii,"NCBI Taxonomy EFetch, retrieved 2026-08-10"
28229,Colwellia psychrerythraea,species,28229.0,Colwellia psychrerythraea,"NCBI Taxonomy EFetch, retrieved 2026-08-10"
28258,Cobetia marina,species,28258.0,Cobetia marina,"NCBI Taxonomy EFetch, retrieved 2026-08-10"
28264,Arcanobacterium haemolyticum,species,28264.0,Arcanobacterium haemolyticum,"NCBI Taxonomy EFetch, retrieved 2026-08-10"
28447,Clavibacter michiganensis,species,28447.0,Clavibacter michiganensis,"NCBI Taxonomy EFetch, retrieved 2026-08-10"
28450,Burkholderia pseudomallei,species,28450.0,Burkholderia pseudomallei,"NCBI Taxonomy EFetch, retrieved 2026-08-10"
28572,Talaromyces funiculosus,species,28572.0,Talaromyces funiculosus,"NCBI Taxonomy EFetch, retrieved 2026-08-10"
28896,Thermoanaerobacterium saccharolyticum,species,28896.0,Thermoanaerobacterium saccharolyticum,"NCBI Taxonomy EFetch, retrieved 2026-08-10"
28901,Salmonella enterica,species,28901.0,Salmonella enterica,"NCBI Taxonomy EFetch, retrieved 2026-08-10"
28985,Kluyveromyces lactis,species,28985.0,Kluyveromyces lactis,"NCBI Taxonomy EFetch, retrieved 2026-08-10"
29001,Alternaria brassicicola,species,29001.0,Alternaria brassicicola,"NCBI Taxonomy EFetch, retrieved 2026-08-10"
29312,Mycobacterium lufu,species,29312.0,Mycobacterium lufu,"NCBI Taxonomy EFetch, retrieved 2026-08-10"
29313,Mycobacterium shimoidei,species,29313.0,Mycobacterium shimoidei,"NCBI Taxonomy EFetch, retrieved 2026-08-10"
29318,Winkia neuii subsp. anitrata,subspecies,33007.0,Winkia neuii,"NCBI Taxonomy EFetch, retrieved 2026-08-10"
29339,Bacillus thuringiensis serovar kurstaki,no rank,1428.0,Bacillus thuringiensis,"NCBI Taxonomy EFetch, retrieved 2026-08-10"
29347,[Clostridium] scindens,species,29347.0,[Clostridium] scindens,"NCBI Taxonomy EFetch, retrieved 2026-08-10"
29348,Thomasclavelia spiroformis,species,29348.0,Thomasclavelia spiroformis,"NCBI Taxonomy EFetch, retrieved 2026-08-10"
29354,Lacrimispora celerecrescens,species,29354.0,Lacrimispora celerecrescens,"NCBI Taxonomy EFetch, retrieved 2026-08-10"
29361,Faecalimonas nexilis,species,29361.0,Faecalimonas nexilis,"NCBI Taxonomy EFetch, retrieved 2026-08-10"
29363,Clostridium paraputrificum,species,29363.0,Clostridium paraputrificum,"NCBI Taxonomy EFetch, retrieved 2026-08-10"
29379,Staphylococcus auricularis,species,29379.0,Staphylococcus auricularis,"NCBI Taxonomy EFetch, retrieved 2026-08-10"
29382,Staphylococcus cohnii,species,29382.0,Staphylococcus cohnii,"NCBI Taxonomy EFetch, retrieved 2026-08-10"
29385,Staphylococcus saprophyticus,species,29385.0,Staphylococcus saprophyticus,"NCBI Taxonomy EFetch, retrieved 2026-08-10"
29388,Staphylococcus capitis,species,29388.0,Staphylococcus capitis,"NCBI Taxonomy EFetch, retrieved 2026-08-10"
29390,Streptococcus gordonii str. Challis,strain,1302.0,Streptococcus gordonii,"NCBI Taxonomy EFetch, retrieved 2026-08-10"
29391,Gemella morbillorum,species,29391.0,Gemella morbillorum,"NCBI Taxonomy EFetch, retrieved 2026-08-10"
29430,Acinetobacter haemolyticus,species,29430.0,Acinetobacter haemolyticus,"NCBI Taxonomy EFetch, retrieved 2026-08-10"
29442,Pseudomonas tolaasii,species,29442.0,Pseudomonas tolaasii,"NCBI Taxonomy EFetch, retrieved 2026-08-10"
29447,Xanthomonas albilineans,species,29447.0,Xanthomonas albilineans,"NCBI Taxonomy EFetch, retrieved 2026-08-10"
29459,Brucella melitensis,species,29459.0,Brucella melitensis,"NCBI Taxonomy EFetch, retrieved 2026-08-10"
29461,Brucella suis,species,29461.0,Brucella suis,"NCBI Taxonomy EFetch, retrieved 2026-08-10"
29466,Veillonella parvula,species,29466.0,Veillonella parvula,"NCBI Taxonomy EFetch, retrieved 2026-08-10"
29471,Pectobacterium atrosepticum,species,29471.0,Pectobacterium atrosepticum,"NCBI Taxonomy EFetch, retrieved 2026-08-10"
29482,Salmonella enterica subsp. enterica serovar Abony,no rank,28901.0,Salmonella enterica,"NCBI Taxonomy EFetch, retrieved 2026-08-10"
29486,Yersinia ruckeri,species,29486.0,Yersinia ruckeri,"NCBI Taxonomy EFetch, retrieved 2026-08-10"
29489,Aeromonas enteropelogenes,species,29489.0,Aeromonas enteropelogenes,"NCBI Taxonomy EFetch, retrieved 2026-08-10"
29491,Aeromonas salmonicida subsp. salmonicida,subspecies,645.0,Aeromonas salmonicida,"NCBI Taxonomy EFetch, retrieved 2026-08-10"
29497,Vibrio splendidus,species,29497.0,Vibrio splendidus,"NCBI Taxonomy EFetch, retrieved 2026-08-10"
29518,Borreliella afzelii,species,29518.0,Borreliella afzelii,"NCBI Taxonomy EFetch, retrieved 2026-08-10"
29519,Borreliella garinii,species,29519.0,Borreliella garinii,"NCBI Taxonomy EFetch, retrieved 2026-08-10"
29524,Porphyromonas circumdentaria,species,29524.0,Porphyromonas circumdentaria,"NCBI Taxonomy EFetch, retrieved 2026-08-10"
29830,Starmerella apicola,species,29830.0,Starmerella apicola,"NCBI Taxonomy EFetch, retrieved 2026-08-10"
29833,Hanseniaspora uvarum,species,29833.0,Hanseniaspora uvarum,"NCBI Taxonomy EFetch, retrieved 2026-08-10"
29850,Gaeumannomyces graminis,species,29850.0,Gaeumannomyces graminis,"NCBI Taxonomy EFetch, retrieved 2026-08-10"
29908,Sporothrix schenckii,species,29908.0,Sporothrix schenckii,"NCBI Taxonomy EFetch, retrieved 2026-08-10"
29910,Tolypocladium inflatum,species,29910.0,Tolypocladium inflatum,"NCBI Taxonomy EFetch, retrieved 2026-08-10"
29911,Alternaria brassicae,species,29911.0,Alternaria brassicae,"NCBI Taxonomy EFetch, retrieved 2026-08-10"
29917,Cladosporium cladosporioides,species,29917.0,Cladosporium cladosporioides,"NCBI Taxonomy EFetch, retrieved 2026-08-10"
29918,Cladosporium herbarum,species,29918.0,Cladosporium herbarum,"NCBI Taxonomy EFetch, retrieved 2026-08-10"
29920,Phytophthora cactorum,species,29920.0,Phytophthora cactorum,"NCBI Taxonomy EFetch, retrieved 2026-08-10"
29922,Mucor mucedo,species,29922.0,Mucor mucedo,"NCBI Taxonomy EFetch, retrieved 2026-08-10"
29923,Amylomyces rouxii,species,29923.0,Amylomyces rouxii,"NCBI Taxonomy EFetch, retrieved 2026-08-10"
31964,Clavibacter sepedonicus,species,31964.0,Clavibacter sepedonicus,"NCBI Taxonomy EFetch, retrieved 2026-08-10"
31973,Eggerthia catenaformis,species,31973.0,Eggerthia catenaformis,"NCBI Taxonomy EFetch, retrieved 2026-08-10"
32013,Comamonas terrigena,species,32013.0,Comamonas terrigena,"NCBI Taxonomy EFetch, retrieved 2026-08-10"
32019,Campylobacter fetus subsp. fetus,subspecies,196.0,Campylobacter fetus,"NCBI Taxonomy EFetch, retrieved 2026-08-10"
32022,Campylobacter jejuni subsp. jejuni,subspecies,197.0,Campylobacter jejuni,"NCBI Taxonomy EFetch, retrieved 2026-08-10"
33010,Cutibacterium avidum,species,33010.0,Cutibacterium avidum,"NCBI Taxonomy EFetch, retrieved 2026-08-10"
33011,Cutibacterium granulosum,species,33011.0,Cutibacterium granulosum,"NCBI Taxonomy EFetch, retrieved 2026-08-10"
33013,Clavibacter michiganensis subsp. michiganensis,subspecies,28447.0,Clavibacter michiganensis,"NCBI Taxonomy EFetch, retrieved 2026-08-10"
33014,Clavibacter michiganensis subsp. insidiosus,subspecies,28447.0,Clavibacter michiganensis,"NCBI Taxonomy EFetch, retrieved 2026-08-10"
33028,Staphylococcus saccharolyticus,species,33028.0,Staphylococcus saccharolyticus,"NCBI Taxonomy EFetch, retrieved 2026-08-10"
33030,Peptoniphilus indolicus,species,33030.0,Peptoniphilus indolicus,"NCBI Taxonomy EFetch, retrieved 2026-08-10"
33031,Peptoniphilus lacrimalis,species,33031.0,Peptoniphilus lacrimalis,"NCBI Taxonomy EFetch, retrieved 2026-08-10"
33032,Anaerococcus lactolyticus,species,33032.0,Anaerococcus lactolyticus,"NCBI Taxonomy EFetch, retrieved 2026-08-10"
33033,Parvimonas micra,species,33033.0,Parvimonas micra,"NCBI Taxonomy EFetch, retrieved 2026-08-10"
33034,Anaerococcus prevotii,species,33034.0,Anaerococcus prevotii,"NCBI Taxonomy EFetch, retrieved 2026-08-10"
33035,Blautia producta,species,33035.0,Blautia producta,"NCBI Taxonomy EFetch, retrieved 2026-08-10"
33036,Anaerococcus tetradius,species,33036.0,Anaerococcus tetradius,"NCBI Taxonomy EFetch, retrieved 2026-08-10"
33037,Anaerococcus vaginalis,species,33037.0,Anaerococcus vaginalis,"NCBI Taxonomy EFetch, retrieved 2026-08-10"
33038,Mediterraneibacter gnavus,species,33038.0,Mediterraneibacter gnavus,"NCBI Taxonomy EFetch, retrieved 2026-08-10"
33039,Mediterraneibacter torques,species,33039.0,Mediterraneibacter torques,"NCBI Taxonomy EFetch, retrieved 2026-08-10"
33069,Pseudomonas viridiflava,species,33069.0,Pseudomonas viridiflava,"NCBI Taxonomy EFetch, retrieved 2026-08-10"
33072,Gloeobacter violaceus,species,33072.0,Gloeobacter violaceus,"NCBI Taxonomy EFetch, retrieved 2026-08-10"
33173,Eremothecium coryli,species,33173.0,Eremothecium coryli,"NCBI Taxonomy EFetch, retrieved 2026-08-10"
33178,Aspergillus terreus,species,33178.0,Aspergillus terreus,"NCBI Taxonomy EFetch, retrieved 2026-08-10"
33195,Bipolaris oryzae,species,33195.0,Bipolaris oryzae,"NCBI Taxonomy EFetch, retrieved 2026-08-10"
33203,Purpureocillium lilacinum,species,33203.0,Purpureocillium lilacinum,"NCBI Taxonomy EFetch, retrieved 2026-08-10"
33887,Rathayibacter rathayi,species,33887.0,Rathayibacter rathayi,"NCBI Taxonomy EFetch, retrieved 2026-08-10"
33892,Mycobacterium tuberculosis variant bovis BCG,no rank,1773.0,Mycobacterium tuberculosis,"NCBI Taxonomy EFetch, retrieved 2026-08-10"
33895,Mycobacterium interjectum,species,33895.0,Mycobacterium interjectum,"NCBI Taxonomy EFetch, retrieved 2026-08-10"
33903,Streptomyces avermitilis,species,33903.0,Streptomyces avermitilis,"NCBI Taxonomy EFetch, retrieved 2026-08-10"
33905,Bifidobacterium thermophilum,species,33905.0,Bifidobacterium thermophilum,"NCBI Taxonomy EFetch, retrieved 2026-08-10"
33945,Enterococcus avium,species,33945.0,Enterococcus avium,"NCBI Taxonomy EFetch, retrieved 2026-08-10"
33953,Clostridium aminobutyricum,species,33953.0,Clostridium aminobutyricum,"NCBI Taxonomy EFetch, retrieved 2026-08-10"
33959,Lactobacillus johnsonii,species,33959.0,Lactobacillus johnsonii,"NCBI Taxonomy EFetch, retrieved 2026-08-10"
33966,Leuconostoc mesenteroides subsp. dextranicum,subspecies,1245.0,Leuconostoc mesenteroides,"NCBI Taxonomy EFetch, retrieved 2026-08-10"
34356,Kodamaea ohmeri,species,34356.0,Kodamaea ohmeri,"NCBI Taxonomy EFetch, retrieved 2026-08-10"
34386,Trichophyton schoenleinii,species,34386.0,Trichophyton schoenleinii,"NCBI Taxonomy EFetch, retrieved 2026-08-10"
34387,Trichophyton tonsurans,species,34387.0,Trichophyton tonsurans,"NCBI Taxonomy EFetch, retrieved 2026-08-10"
34388,Trichophyton violaceum,species,34388.0,Trichophyton violaceum,"NCBI Taxonomy EFetch, retrieved 2026-08-10"
34391,Epidermophyton floccosum,species,34391.0,Epidermophyton floccosum,"NCBI Taxonomy EFetch, retrieved 2026-08-10"
34393,Microsporum audouinii,species,34393.0,Microsporum audouinii,"NCBI Taxonomy EFetch, retrieved 2026-08-10"
34406,Colletotrichum destructivum,species,34406.0,Colletotrichum destructivum,"NCBI Taxonomy EFetch, retrieved 2026-08-10"
35519,Mogibacterium timidum,species,35519.0,Mogibacterium timidum,"NCBI Taxonomy EFetch, retrieved 2026-08-10"
35703,Citrobacter amalonaticus,species,35703.0,Citrobacter amalonaticus,"NCBI Taxonomy EFetch, retrieved 2026-08-10"
35725,Macrophomina phaseolina,species,35725.0,Macrophomina phaseolina,"NCBI Taxonomy EFetch, retrieved 2026-08-10"
35833,Bilophila wadsworthia,species,35833.0,Bilophila wadsworthia,"NCBI Taxonomy EFetch, retrieved 2026-08-10"
36015,Pichia kluyveri,species,36015.0,Pichia kluyveri,"NCBI Taxonomy EFetch, retrieved 2026-08-10"
36035,Saccharomycodes ludwigii,species,36035.0,Saccharomycodes ludwigii,"NCBI Taxonomy EFetch, retrieved 2026-08-10"
36043,Lipomyces lipofer,species,36043.0,Lipomyces lipofer,"NCBI Taxonomy EFetch, retrieved 2026-08-10"
36050,Fusarium poae,species,36050.0,Fusarium poae,"NCBI Taxonomy EFetch, retrieved 2026-08-10"
36080,Mucor circinelloides,species,36080.0,Mucor circinelloides,"NCBI Taxonomy EFetch, retrieved 2026-08-10"
36651,Penicillium digitatum,species,36651.0,Penicillium digitatum,"NCBI Taxonomy EFetch, retrieved 2026-08-10"
36653,Penicillium commune,species,36653.0,Penicillium commune,"NCBI Taxonomy EFetch, retrieved 2026-08-10"
36656,Penicillium crustosum,species,36656.0,Penicillium crustosum,"NCBI Taxonomy EFetch, retrieved 2026-08-10"
36740,Dermabacter hominis,species,36740.0,Dermabacter hominis,"NCBI Taxonomy EFetch, retrieved 2026-08-10"
36808,Corynebacterium bovis,species,36808.0,Corynebacterium bovis,"NCBI Taxonomy EFetch, retrieved 2026-08-10"
36822,Gordonia rubripertincta,species,36822.0,Gordonia rubripertincta,"NCBI Taxonomy EFetch, retrieved 2026-08-10"
36841,Terrisporobacter glycolicus,species,36841.0,Terrisporobacter glycolicus,"NCBI Taxonomy EFetch, retrieved 2026-08-10"
36851,Fusobacterium mortiferum,species,36851.0,Fusobacterium mortiferum,"NCBI Taxonomy EFetch, retrieved 2026-08-10"
36874,Porphyromonas cangingivalis,species,36874.0,Porphyromonas cangingivalis,"NCBI Taxonomy EFetch, retrieved 2026-08-10"
36875,Porphyromonas canoris,species,36875.0,Porphyromonas canoris,"NCBI Taxonomy EFetch, retrieved 2026-08-10"
36911,Clavispora lusitaniae,species,36911.0,Clavispora lusitaniae,"NCBI Taxonomy EFetch, retrieved 2026-08-10"
37326,Nocardia brasiliensis,species,37326.0,Nocardia brasiliensis,"NCBI Taxonomy EFetch, retrieved 2026-08-10"
37328,Nocardia carnea,species,37328.0,Nocardia carnea,"NCBI Taxonomy EFetch, retrieved 2026-08-10"
37329,Nocardia farcinica,species,37329.0,Nocardia farcinica,"NCBI Taxonomy EFetch, retrieved 2026-08-10"
37330,Nocardia nova,species,37330.0,Nocardia nova,"NCBI Taxonomy EFetch, retrieved 2026-08-10"
37333,Nocardia transvalensis,species,37333.0,Nocardia transvalensis,"NCBI Taxonomy EFetch, retrieved 2026-08-10"
37637,Corynebacterium pseudodiphtheriticum,species,37637.0,Corynebacterium pseudodiphtheriticum,"NCBI Taxonomy EFetch, retrieved 2026-08-10"
37727,Talaromyces marneffei,species,37727.0,Talaromyces marneffei,"NCBI Taxonomy EFetch, retrieved 2026-08-10"
37734,Enterococcus casseliflavus,species,37734.0,Enterococcus casseliflavus,"NCBI Taxonomy EFetch, retrieved 2026-08-10"
37762,Escherichia coli B,strain,562.0,Escherichia coli,"NCBI Taxonomy EFetch, retrieved 2026-08-10"
37769,Cryptococcus gattii,species,37769.0,Cryptococcus gattii,"NCBI Taxonomy EFetch, retrieved 2026-08-10"
37919,Rhodococcus opacus,species,37919.0,Rhodococcus opacus,"NCBI Taxonomy EFetch, retrieved 2026-08-10"
37928,Crystallibacter crystallopoietes,species,37928.0,Crystallibacter crystallopoietes,"NCBI Taxonomy EFetch, retrieved 2026-08-10"
37930,Glutamicibacter protophormiae,species,37930.0,Glutamicibacter protophormiae,"NCBI Taxonomy EFetch, retrieved 2026-08-10"
37931,Paenarthrobacter ureafaciens,species,37931.0,Paenarthrobacter ureafaciens,"NCBI Taxonomy EFetch, retrieved 2026-08-10"
37936,Rhinocladiella aquaspersa,species,37936.0,Rhinocladiella aquaspersa,"NCBI Taxonomy EFetch, retrieved 2026-08-10"
38033,Chaetomium globosum,species,38033.0,Chaetomium globosum,"NCBI Taxonomy EFetch, retrieved 2026-08-10"
38284,Corynebacterium accolens,species,38284.0,Corynebacterium accolens,"NCBI Taxonomy EFetch, retrieved 2026-08-10"
38289,Corynebacterium jeikeium,species,38289.0,Corynebacterium jeikeium,"NCBI Taxonomy EFetch, retrieved 2026-08-10"
38294,Photobacterium damselae subsp. piscicida,subspecies,38293.0,Photobacterium damselae,"NCBI Taxonomy EFetch, retrieved 2026-08-10"
38301,Corynebacterium minutissimum,species,38301.0,Corynebacterium minutissimum,"NCBI Taxonomy EFetch, retrieved 2026-08-10"
38313,Shewanella algae,species,38313.0,Shewanella algae,"NCBI Taxonomy EFetch, retrieved 2026-08-10"
38323,Bartonella henselae,species,38323.0,Bartonella henselae,"NCBI Taxonomy EFetch, retrieved 2026-08-10"
38345,Leptospira kirschneri serovar Grippotyphosa,no rank,29507.0,Leptospira kirschneri,"NCBI Taxonomy EFetch, retrieved 2026-08-10"
38448,Monilinia fructicola,species,38448.0,Monilinia fructicola,"NCBI Taxonomy EFetch, retrieved 2026-08-10"
38457,Monilinia fructigena,species,38457.0,Monilinia fructigena,"NCBI Taxonomy EFetch, retrieved 2026-08-10"
39291,Agroathelia rolfsii,species,39291.0,Agroathelia rolfsii,"NCBI Taxonomy EFetch, retrieved 2026-08-10"
39400,Curvularia brachyspora,species,39400.0,Curvularia brachyspora,"NCBI Taxonomy EFetch, retrieved 2026-08-10"
39482,Faecalicatena contorta,species,39482.0,Faecalicatena contorta,"NCBI Taxonomy EFetch, retrieved 2026-08-10"
39483,Faecalitalea cylindroides,species,39483.0,Faecalitalea cylindroides,"NCBI Taxonomy EFetch, retrieved 2026-08-10"
39491,Agathobacter rectalis,species,39491.0,Agathobacter rectalis,"NCBI Taxonomy EFetch, retrieved 2026-08-10"
39693,Mycolicibacterium porcinum,species,39693.0,Mycolicibacterium porcinum,"NCBI Taxonomy EFetch, retrieved 2026-08-10"
39777,Veillonella atypica,species,39777.0,Veillonella atypica,"NCBI Taxonomy EFetch, retrieved 2026-08-10"
39950,Dialister pneumosintes,species,39950.0,Dialister pneumosintes,"NCBI Taxonomy EFetch, retrieved 2026-08-10"
40041,Streptococcus equi subsp. zooepidemicus,subspecies,1336.0,Streptococcus equi,"NCBI Taxonomy EFetch, retrieved 2026-08-10"
40126,Neurospora sitophila,species,40126.0,Neurospora sitophila,"NCBI Taxonomy EFetch, retrieved 2026-08-10"
40199,Fusarium avenaceum,species,40199.0,Fusarium avenaceum,"NCBI Taxonomy EFetch, retrieved 2026-08-10"
40214,Acinetobacter johnsonii,species,40214.0,Acinetobacter johnsonii,"NCBI Taxonomy EFetch, retrieved 2026-08-10"
40215,Acinetobacter junii,species,40215.0,Acinetobacter junii,"NCBI Taxonomy EFetch, retrieved 2026-08-10"
40216,Acinetobacter radioresistens,species,40216.0,Acinetobacter radioresistens,"NCBI Taxonomy EFetch, retrieved 2026-08-10"
40296,Penicillium italicum,species,40296.0,Penicillium italicum,"NCBI Taxonomy EFetch, retrieved 2026-08-10"
40324,Stenotrophomonas maltophilia,species,40324.0,Stenotrophomonas maltophilia,"NCBI Taxonomy EFetch, retrieved 2026-08-10"
40355,Fonsecaea pedrosoi,species,40355.0,Fonsecaea pedrosoi,"NCBI Taxonomy EFetch, retrieved 2026-08-10"
40380,Aspergillus ochraceus,species,40380.0,Aspergillus ochraceus,"NCBI Taxonomy EFetch, retrieved 2026-08-10"
40382,Aspergillus ustus,species,40382.0,Aspergillus ustus,"NCBI Taxonomy EFetch, retrieved 2026-08-10"
40410,Cryptococcus deneoformans,species,40410.0,Cryptococcus deneoformans,"NCBI Taxonomy EFetch, retrieved 2026-08-10"
40520,Blautia obeum,species,40520.0,Blautia obeum,"NCBI Taxonomy EFetch, retrieved 2026-08-10"
40545,Sutterella wadsworthensis,species,40545.0,Sutterella wadsworthensis,"NCBI Taxonomy EFetch, retrieved 2026-08-10"
40559,Botrytis cinerea,species,40559.0,Botrytis cinerea,"NCBI Taxonomy EFetch, retrieved 2026-08-10"
40837,Mycoplana ramosa,species,40837.0,Mycoplana ramosa,"NCBI Taxonomy EFetch, retrieved 2026-08-10"
40993,Aspergillus carbonarius,species,40993.0,Aspergillus carbonarius,"NCBI Taxonomy EFetch, retrieved 2026-08-10"
41047,Aspergillus thermomutatus,species,41047.0,Aspergillus thermomutatus,"NCBI Taxonomy EFetch, retrieved 2026-08-10"
41067,Aspergillus candidus,species,41067.0,Aspergillus candidus,"NCBI Taxonomy EFetch, retrieved 2026-08-10"
41281,Aspergillus niveus,species,41281.0,Aspergillus niveus,"NCBI Taxonomy EFetch, retrieved 2026-08-10"
41413,Aspergillus glaucus,species,41413.0,Aspergillus glaucus,"NCBI Taxonomy EFetch, retrieved 2026-08-10"
41716,Photuris pensylvanica,species,41716.0,Photuris pensylvanica,"NCBI Taxonomy EFetch, retrieved 2026-08-10"
41833,Umbelopsis ramanniana,species,41833.0,Umbelopsis ramanniana,"NCBI Taxonomy EFetch, retrieved 2026-08-10"
41986,Agromyces mediolanus,species,41986.0,Agromyces mediolanus,"NCBI Taxonomy EFetch, retrieved 2026-08-10"
42374,Candida dubliniensis,species,42374.0,Candida dubliniensis,"NCBI Taxonomy EFetch, retrieved 2026-08-10"
42458,Lichtheimia corymbifera,species,42458.0,Lichtheimia corymbifera,"NCBI Taxonomy EFetch, retrieved 2026-08-10"
42677,Fusarium subglutinans,species,42677.0,Fusarium subglutinans,"NCBI Taxonomy EFetch, retrieved 2026-08-10"
42739,Chromobacterium viscosum,species,42739.0,Chromobacterium viscosum,"NCBI Taxonomy EFetch, retrieved 2026-08-10"
42881,Streptomyces chromofuscus,species,42881.0,Streptomyces chromofuscus,"NCBI Taxonomy EFetch, retrieved 2026-08-10"
43049,Tilletia indica,species,43049.0,Tilletia indica,"NCBI Taxonomy EFetch, retrieved 2026-08-10"
43131,Tissierella praeacuta,species,43131.0,Tissierella praeacuta,"NCBI Taxonomy EFetch, retrieved 2026-08-10"
43674,Jonesia denitrificans,species,43674.0,Jonesia denitrificans,"NCBI Taxonomy EFetch, retrieved 2026-08-10"
43675,Rothia mucilaginosa,species,43675.0,Rothia mucilaginosa,"NCBI Taxonomy EFetch, retrieved 2026-08-10"
43765,Corynebacterium amycolatum,species,43765.0,Corynebacterium amycolatum,"NCBI Taxonomy EFetch, retrieved 2026-08-10"
43770,Corynebacterium striatum,species,43770.0,Corynebacterium striatum,"NCBI Taxonomy EFetch, retrieved 2026-08-10"
43771,Corynebacterium urealyticum,species,43771.0,Corynebacterium urealyticum,"NCBI Taxonomy EFetch, retrieved 2026-08-10"
44010,Mycobacterium conspicuum,species,44010.0,Mycobacterium conspicuum,"NCBI Taxonomy EFetch, retrieved 2026-08-10"
44101,Mycoplasma mycoides subsp. mycoides SC,strain,2102.0,Mycoplasma mycoides,"NCBI Taxonomy EFetch, retrieved 2026-08-10"
44276,Leptospira interrogans serovar Pomona,no rank,173.0,Leptospira interrogans,"NCBI Taxonomy EFetch, retrieved 2026-08-10"
44283,Pasteurella multocida subsp. multocida,subspecies,747.0,Pasteurella multocida,"NCBI Taxonomy EFetch, retrieved 2026-08-10"
44454,Mycobacterium avium subsp. avium,subspecies,1764.0,Mycobacterium avium,"NCBI Taxonomy EFetch, retrieved 2026-08-10"
44469,Salmonella enterica subsp. enterica serovar Setubal,no rank,28901.0,Salmonella enterica,"NCBI Taxonomy EFetch, retrieved 2026-08-10"
44742,Desulfovibrio fairfieldensis,species,44742.0,Desulfovibrio fairfieldensis,"NCBI Taxonomy EFetch, retrieved 2026-08-10"
45130,Bipolaris sorokiniana,species,45130.0,Bipolaris sorokiniana,"NCBI Taxonomy EFetch, retrieved 2026-08-10"
45133,Lasiodiplodia theobromae,species,45133.0,Lasiodiplodia theobromae,"NCBI Taxonomy EFetch, retrieved 2026-08-10"
45134,Neofusicoccum ribis,species,45134.0,Neofusicoccum ribis,"NCBI Taxonomy EFetch, retrieved 2026-08-10"
45303,Alternaria infectoria,species,45303.0,Alternaria infectoria,"NCBI Taxonomy EFetch, retrieved 2026-08-10"
45561,Teunomyces kruisii,species,45561.0,Teunomyces kruisii,"NCBI Taxonomy EFetch, retrieved 2026-08-10"
45611,Psychrobacter frigidicola,species,45611.0,Psychrobacter frigidicola,"NCBI Taxonomy EFetch, retrieved 2026-08-10"
45786,Nadsonia fulvescens,species,45786.0,Nadsonia fulvescens,"NCBI Taxonomy EFetch, retrieved 2026-08-10"
45972,Staphylococcus pasteuri,species,45972.0,Staphylococcus pasteuri,"NCBI Taxonomy EFetch, retrieved 2026-08-10"
45979,Nocardia pseudobrasiliensis,species,45979.0,Nocardia pseudobrasiliensis,"NCBI Taxonomy EFetch, retrieved 2026-08-10"
46126,Staphylococcus chromogenes,species,46126.0,Staphylococcus chromogenes,"NCBI Taxonomy EFetch, retrieved 2026-08-10"
46170,Staphylococcus aureus,species,46170.0,Staphylococcus aureus,"NCBI Taxonomy EFetch, retrieved 2026-08-10"
46225,Moraxella,genus,,,"NCBI Taxonomy EFetch, retrieved 2026-08-10"
46228,[Ruminococcus] lactaris,species,46228.0,[Ruminococcus] lactaris,"NCBI Taxonomy EFetch, retrieved 2026-08-10"
46472,Aspergillus versicolor,species,46472.0,Aspergillus versicolor,"NCBI Taxonomy EFetch, retrieved 2026-08-10"
46503,Parabacteroides merdae,species,46503.0,Parabacteroides merdae,"NCBI Taxonomy EFetch, retrieved 2026-08-10"
46506,Bacteroides stercoris,species,46506.0,Bacteroides stercoris,"NCBI Taxonomy EFetch, retrieved 2026-08-10"
46626,Salmonella enterica subsp. enterica serovar Give,no rank,28901.0,Salmonella enterica,"NCBI Taxonomy EFetch, retrieved 2026-08-10"
46677,Pseudomonas agarici,species,46677.0,Pseudomonas agarici,"NCBI Taxonomy EFetch, retrieved 2026-08-10"
47278,Trichothecium roseum,species,47278.0,Trichothecium roseum,"NCBI Taxonomy EFetch, retrieved 2026-08-10"
47312,Tsukamurella pulmonis,species,47312.0,Tsukamurella pulmonis,"NCBI Taxonomy EFetch, retrieved 2026-08-10"
47678,Bacteroides caccae,species,47678.0,Bacteroides caccae,"NCBI Taxonomy EFetch, retrieved 2026-08-10"
47763,Streptomyces lydicus,species,47763.0,Streptomyces lydicus,"NCBI Taxonomy EFetch, retrieved 2026-08-10"
47770,Lactobacillus crispatus,species,47770.0,Lactobacillus crispatus,"NCBI Taxonomy EFetch, retrieved 2026-08-10"
47886,Pseudomonas luteola,species,47886.0,Pseudomonas luteola,"NCBI Taxonomy EFetch, retrieved 2026-08-10"
47917,Serratia fonticola,species,47917.0,Serratia fonticola,"NCBI Taxonomy EFetch, retrieved 2026-08-10"
48100,Alternaria solani,species,48100.0,Alternaria solani,"NCBI Taxonomy EFetch, retrieved 2026-08-10"
48296,Acinetobacter pittii,species,48296.0,Acinetobacter pittii,"NCBI Taxonomy EFetch, retrieved 2026-08-10"
48409,Salmonella enterica subsp. enterica serovar Virchow,no rank,28901.0,Salmonella enterica,"NCBI Taxonomy EFetch, retrieved 2026-08-10"
49186,Marinobacterium stanieri,species,49186.0,Marinobacterium stanieri,"NCBI Taxonomy EFetch, retrieved 2026-08-10"
49224,Trichoderma hamatum,species,49224.0,Trichoderma hamatum,"NCBI Taxonomy EFetch, retrieved 2026-08-10"
49817,Erythrina crista-galli,species,49817.0,Erythrina crista-galli,"NCBI Taxonomy EFetch, retrieved 2026-08-10"
50719,Vibrio diabolicus,species,50719.0,Vibrio diabolicus,"NCBI Taxonomy EFetch, retrieved 2026-08-10"
51122,Mucor javanicus,species,51122.0,Mucor javanicus,"NCBI Taxonomy EFetch, retrieved 2026-08-10"
51453,Trichoderma reesei,species,51453.0,Trichoderma reesei,"NCBI Taxonomy EFetch, retrieved 2026-08-10"
52584,Brachyspira pilosicoli,species,52584.0,Brachyspira pilosicoli,"NCBI Taxonomy EFetch, retrieved 2026-08-10"
52586,Erysiphe necator,species,52586.0,Erysiphe necator,"NCBI Taxonomy EFetch, retrieved 2026-08-10"
53345,Enterococcus durans,species,53345.0,Enterococcus durans,"NCBI Taxonomy EFetch, retrieved 2026-08-10"
53442,Eubacterium callanderi,species,53442.0,Eubacterium callanderi,"NCBI Taxonomy EFetch, retrieved 2026-08-10"
53502,Streptomyces caespitosus,species,53502.0,Streptomyces caespitosus,"NCBI Taxonomy EFetch, retrieved 2026-08-10"
53655,Pichia fermentans,species,53655.0,Pichia fermentans,"NCBI Taxonomy EFetch, retrieved 2026-08-10"
53707,Pseudomonas amygdali pv. lachrymans,no rank,47877.0,Pseudomonas amygdali,"NCBI Taxonomy EFetch, retrieved 2026-08-10"
53972,Rhodococcoides corynebacterioides,species,53972.0,Rhodococcoides corynebacterioides,"NCBI Taxonomy EFetch, retrieved 2026-08-10"
54005,Peptoniphilus harei,species,54005.0,Peptoniphilus harei,"NCBI Taxonomy EFetch, retrieved 2026-08-10"
54007,Anaerococcus octavius,species,54007.0,Anaerococcus octavius,"NCBI Taxonomy EFetch, retrieved 2026-08-10"
54388,Salmonella enterica subsp. enterica serovar Paratyphi A,no rank,28901.0,Salmonella enterica,"NCBI Taxonomy EFetch, retrieved 2026-08-10"
54734,Zymoseptoria tritici,species,54734.0,Zymoseptoria tritici,"NCBI Taxonomy EFetch, retrieved 2026-08-10"
54736,Salmonella bongori,species,54736.0,Salmonella bongori,"NCBI Taxonomy EFetch, retrieved 2026-08-10"
54899,Diaporthe longicolla,species,54899.0,Diaporthe longicolla,"NCBI Taxonomy EFetch, retrieved 2026-08-10"
55169,Botryosphaeria dothidea,species,55169.0,Botryosphaeria dothidea,"NCBI Taxonomy EFetch, retrieved 2026-08-10"
55194,Malassezia furfur,species,55194.0,Malassezia furfur,"NCBI Taxonomy EFetch, retrieved 2026-08-10"
55601,Vibrio anguillarum,species,55601.0,Vibrio anguillarum,"NCBI Taxonomy EFetch, retrieved 2026-08-10"
55883,Mycobacterium avium-intracellulare,species,55883.0,Mycobacterium avium-intracellulare,"NCBI Taxonomy EFetch, retrieved 2026-08-10"
56406,Hanseniaspora guilliermondii,species,56406.0,Hanseniaspora guilliermondii,"NCBI Taxonomy EFetch, retrieved 2026-08-10"
56408,Hanseniaspora osmophila,species,56408.0,Hanseniaspora osmophila,"NCBI Taxonomy EFetch, retrieved 2026-08-10"
56409,Hanseniaspora vineae,species,56409.0,Hanseniaspora vineae,"NCBI Taxonomy EFetch, retrieved 2026-08-10"
56460,Xanthomonas vesicatoria,species,56460.0,Xanthomonas vesicatoria,"NCBI Taxonomy EFetch, retrieved 2026-08-10"
56689,Mycolicibacterium mucogenicum,species,56689.0,Mycolicibacterium mucogenicum,"NCBI Taxonomy EFetch, retrieved 2026-08-10"
57045,Salmonella enterica subsp. enterica serovar Paratyphi B,no rank,28901.0,Salmonella enterica,"NCBI Taxonomy EFetch, retrieved 2026-08-10"
57706,Citrobacter braakii,species,57706.0,Citrobacter braakii,"NCBI Taxonomy EFetch, retrieved 2026-08-10"
57741,Salmonella enterica subsp. enterica serovar Blockley,no rank,28901.0,Salmonella enterica,"NCBI Taxonomy EFetch, retrieved 2026-08-10"
57975,Burkholderia thailandensis,species,57975.0,Burkholderia thailandensis,"NCBI Taxonomy EFetch, retrieved 2026-08-10"
58097,Salmonella enterica subsp. enterica serovar Bovismorbificans,no rank,28901.0,Salmonella enterica,"NCBI Taxonomy EFetch, retrieved 2026-08-10"
58291,Rhizopus microsporus,species,58291.0,Rhizopus microsporus,"NCBI Taxonomy EFetch, retrieved 2026-08-10"
59201,Salmonella enterica subsp. enterica,subspecies,28901.0,Salmonella enterica,"NCBI Taxonomy EFetch, retrieved 2026-08-10"
59203,Salmonella enterica subsp. arizonae,subspecies,28901.0,Salmonella enterica,"NCBI Taxonomy EFetch, retrieved 2026-08-10"
59586,Corynespora cassiicola,species,59586.0,Corynespora cassiicola,"NCBI Taxonomy EFetch, retrieved 2026-08-10"
59750,Mycolicibacterium wolinskyi,species,59750.0,Mycolicibacterium wolinskyi,"NCBI Taxonomy EFetch, retrieved 2026-08-10"
59814,Pantoea dispersa,species,59814.0,Pantoea dispersa,"NCBI Taxonomy EFetch, retrieved 2026-08-10"
59893,Paenibacillus peoriae,species,59893.0,Paenibacillus peoriae,"NCBI Taxonomy EFetch, retrieved 2026-08-10"
60167,Penicillium cyclopium,species,60167.0,Penicillium cyclopium,"NCBI Taxonomy EFetch, retrieved 2026-08-10"
60171,Penicillium verrucosum,species,60171.0,Penicillium verrucosum,"NCBI Taxonomy EFetch, retrieved 2026-08-10"
60550,Burkholderia pyrrocinia,species,60550.0,Burkholderia pyrrocinia,"NCBI Taxonomy EFetch, retrieved 2026-08-10"
60552,Burkholderia vietnamiensis,species,60552.0,Burkholderia vietnamiensis,"NCBI Taxonomy EFetch, retrieved 2026-08-10"
61171,Holdemania filiformis,species,61171.0,Holdemania filiformis,"NCBI Taxonomy EFetch, retrieved 2026-08-10"
61235,Fusarium equiseti,species,61235.0,Fusarium equiseti,"NCBI Taxonomy EFetch, retrieved 2026-08-10"
61284,Fusarium tricinctum,species,61284.0,Fusarium tricinctum,"NCBI Taxonomy EFetch, retrieved 2026-08-10"
61646,Lelliottia amnigena,species,61646.0,Lelliottia amnigena,"NCBI Taxonomy EFetch, retrieved 2026-08-10"
61648,Kluyvera intermedia,species,61648.0,Kluyvera intermedia,"NCBI Taxonomy EFetch, retrieved 2026-08-10"
62322,Shewanella baltica,species,62322.0,Shewanella baltica,"NCBI Taxonomy EFetch, retrieved 2026-08-10"
62718,Phyllactinia taurica,species,62718.0,Phyllactinia taurica,"NCBI Taxonomy EFetch, retrieved 2026-08-10"
62728,Podosphaera pannosa,species,62728.0,Podosphaera pannosa,"NCBI Taxonomy EFetch, retrieved 2026-08-10"
63131,Aspergillus foetidus,species,63131.0,Aspergillus foetidus,"NCBI Taxonomy EFetch, retrieved 2026-08-10"
63363,Aquifex aeolicus,species,63363.0,Aquifex aeolicus,"NCBI Taxonomy EFetch, retrieved 2026-08-10"
63400,Trichophyton benhamiae,species,63400.0,Trichophyton benhamiae,"NCBI Taxonomy EFetch, retrieved 2026-08-10"
63401,Nannizzia fulva,species,63401.0,Nannizzia fulva,"NCBI Taxonomy EFetch, retrieved 2026-08-10"
63402,Nannizzia gypsea,species,63402.0,Nannizzia gypsea,"NCBI Taxonomy EFetch, retrieved 2026-08-10"
63405,Microsporum canis,species,63405.0,Microsporum canis,"NCBI Taxonomy EFetch, retrieved 2026-08-10"
63417,Trichophyton verrucosum,species,63417.0,Trichophyton verrucosum,"NCBI Taxonomy EFetch, retrieved 2026-08-10"
64187,Xanthomonas oryzae pv. oryzae,no rank,347.0,Xanthomonas oryzae,"NCBI Taxonomy EFetch, retrieved 2026-08-10"
64491,Mucor fragilis,species,64491.0,Mucor fragilis,"NCBI Taxonomy EFetch, retrieved 2026-08-10"
64493,Mucor hiemalis,species,64493.0,Mucor hiemalis,"NCBI Taxonomy EFetch, retrieved 2026-08-10"
64518,Mortierella alpina,species,64518.0,Mortierella alpina,"NCBI Taxonomy EFetch, retrieved 2026-08-10"
64623,Mucor indicus,species,64623.0,Mucor indicus,"NCBI Taxonomy EFetch, retrieved 2026-08-10"
64631,Benjaminiella poitrasii,species,64631.0,Benjaminiella poitrasii,"NCBI Taxonomy EFetch, retrieved 2026-08-10"
65070,Pythium aphanidermatum,species,65070.0,Pythium aphanidermatum,"NCBI Taxonomy EFetch, retrieved 2026-08-10"
66948,Meyerozyma caribbica,species,66948.0,Meyerozyma caribbica,"NCBI Taxonomy EFetch, retrieved 2026-08-10"
67081,Mycolicibacterium alvei,species,67081.0,Mycolicibacterium alvei,"NCBI Taxonomy EFetch, retrieved 2026-08-10"
67314,Streptomyces lavendofoliae,species,67314.0,Streptomyces lavendofoliae,"NCBI Taxonomy EFetch, retrieved 2026-08-10"
67593,Phytophthora sojae,species,67593.0,Phytophthora sojae,"NCBI Taxonomy EFetch, retrieved 2026-08-10"
67780,Edwardsiella ictaluri,species,67780.0,Edwardsiella ictaluri,"NCBI Taxonomy EFetch, retrieved 2026-08-10"
67824,Citrobacter farmeri,species,67824.0,Citrobacter farmeri,"NCBI Taxonomy EFetch, retrieved 2026-08-10"
67825,Citrobacter rodentium,species,67825.0,Citrobacter rodentium,"NCBI Taxonomy EFetch, retrieved 2026-08-10"
67827,Citrobacter werkmanii,species,67827.0,Citrobacter werkmanii,"NCBI Taxonomy EFetch, retrieved 2026-08-10"
67828,Citrobacter gillenii,species,67828.0,Citrobacter gillenii,"NCBI Taxonomy EFetch, retrieved 2026-08-10"
68246,Streptomyces olivoreticuli,species,68246.0,Streptomyces olivoreticuli,"NCBI Taxonomy EFetch, retrieved 2026-08-10"
69218,Enterobacter cancerogenus,species,69218.0,Enterobacter cancerogenus,"NCBI Taxonomy EFetch, retrieved 2026-08-10"
69219,Enterobacter cloacae subsp. dissolvens,subspecies,550.0,Enterobacter cloacae,"NCBI Taxonomy EFetch, retrieved 2026-08-10"
69766,Penicillium capsulatum,species,69766.0,Penicillium capsulatum,"NCBI Taxonomy EFetch, retrieved 2026-08-10"
69780,Penicillium ochrochloron,species,69780.0,Penicillium ochrochloron,"NCBI Taxonomy EFetch, retrieved 2026-08-10"
69781,Penicillium oxalicum,species,69781.0,Penicillium oxalicum,"NCBI Taxonomy EFetch, retrieved 2026-08-10"
69824,Thomasclavelia cocleata,species,69824.0,Thomasclavelia cocleata,"NCBI Taxonomy EFetch, retrieved 2026-08-10"
69891,Trichophyton soudanense,species,69891.0,Trichophyton soudanense,"NCBI Taxonomy EFetch, retrieved 2026-08-10"
69893,Chrysosporium keratinophilum,species,69893.0,Chrysosporium keratinophilum,"NCBI Taxonomy EFetch, retrieved 2026-08-10"
69966,Macrococcoides caseolyticum,species,69966.0,Macrococcoides caseolyticum,"NCBI Taxonomy EFetch, retrieved 2026-08-10"
70863,Shewanella oneidensis,species,70863.0,Shewanella oneidensis,"NCBI Taxonomy EFetch, retrieved 2026-08-10"
71237,Mammaliicoccus vitulinus,species,71237.0,Mammaliicoccus vitulinus,"NCBI Taxonomy EFetch, retrieved 2026-08-10"
71421,Haemophilus influenzae Rd KW20,strain,727.0,Haemophilus influenzae,"NCBI Taxonomy EFetch, retrieved 2026-08-10"
71452,Enterococcus raffinosus,species,71452.0,Enterococcus raffinosus,"NCBI Taxonomy EFetch, retrieved 2026-08-10"
71704,Coprinellus domesticus,species,71704.0,Coprinellus domesticus,"NCBI Taxonomy EFetch, retrieved 2026-08-10"
72000,Kocuria rhizophila,species,72000.0,Kocuria rhizophila,"NCBI Taxonomy EFetch, retrieved 2026-08-10"
72407,Klebsiella pneumoniae subsp. pneumoniae,subspecies,573.0,Klebsiella pneumoniae,"NCBI Taxonomy EFetch, retrieved 2026-08-10"
73098,Kluyvera georgiana,species,73098.0,Kluyvera georgiana,"NCBI Taxonomy EFetch, retrieved 2026-08-10"
74035,Arthroderma uncinatum,species,74035.0,Arthroderma uncinatum,"NCBI Taxonomy EFetch, retrieved 2026-08-10"
74420,Bipolaris sorokiniana,species,74420.0,Bipolaris sorokiniana,"NCBI Taxonomy EFetch, retrieved 2026-08-10"
74426,Collinsella aerofaciens,species,74426.0,Collinsella aerofaciens,"NCBI Taxonomy EFetch, retrieved 2026-08-10"
74706,Staphylococcus coagulans,species,74706.0,Staphylococcus coagulans,"NCBI Taxonomy EFetch, retrieved 2026-08-10"
74722,Stachybotrys chartarum,species,74722.0,Stachybotrys chartarum,"NCBI Taxonomy EFetch, retrieved 2026-08-10"
75549,Aspergillus hiratsukae,species,75549.0,Aspergillus hiratsukae,"NCBI Taxonomy EFetch, retrieved 2026-08-10"
75553,Aspergillus viridinutans,species,75553.0,Aspergillus viridinutans,"NCBI Taxonomy EFetch, retrieved 2026-08-10"
75750,Aspergillus sydowii,species,75750.0,Aspergillus sydowii,"NCBI Taxonomy EFetch, retrieved 2026-08-10"
75985,Mannheimia haemolytica,species,75985.0,Mannheimia haemolytica,"NCBI Taxonomy EFetch, retrieved 2026-08-10"
76122,Alloprevotella tannerae,species,76122.0,Alloprevotella tannerae,"NCBI Taxonomy EFetch, retrieved 2026-08-10"
76351,Ceratobasidium cereale,species,76351.0,Ceratobasidium cereale,"NCBI Taxonomy EFetch, retrieved 2026-08-10"
76405,Cunninghamella echinulata,species,76405.0,Cunninghamella echinulata,"NCBI Taxonomy EFetch, retrieved 2026-08-10"
76860,Streptococcus constellatus,species,76860.0,Streptococcus constellatus,"NCBI Taxonomy EFetch, retrieved 2026-08-10"
77020,Malassezia pachydermatis,species,77020.0,Malassezia pachydermatis,"NCBI Taxonomy EFetch, retrieved 2026-08-10"
77044,Rosellinia necatrix,species,77044.0,Rosellinia necatrix,"NCBI Taxonomy EFetch, retrieved 2026-08-10"
77205,Microsporum ferrugineum,species,77205.0,Microsporum ferrugineum,"NCBI Taxonomy EFetch, retrieved 2026-08-10"
78535,Streptococcus viridans,species,78535.0,Streptococcus viridans,"NCBI Taxonomy EFetch, retrieved 2026-08-10"
79249,Podosphaera leucotricha,species,79249.0,Podosphaera leucotricha,"NCBI Taxonomy EFetch, retrieved 2026-08-10"
79252,Podosphaera aphanis,species,79252.0,Podosphaera aphanis,"NCBI Taxonomy EFetch, retrieved 2026-08-10"
79967,Erwinia pyrifoliae,species,79967.0,Erwinia pyrifoliae,"NCBI Taxonomy EFetch, retrieved 2026-08-10"
80637,Coniophora puteana,species,80637.0,Coniophora puteana,"NCBI Taxonomy EFetch, retrieved 2026-08-10"
81037,Pseudoalteromonas distincta,species,81037.0,Pseudoalteromonas distincta,"NCBI Taxonomy EFetch, retrieved 2026-08-10"
81845,Arthroderma terrestre,species,81845.0,Arthroderma terrestre,"NCBI Taxonomy EFetch, retrieved 2026-08-10"
81920,Podosphaera aphanis,species,81920.0,Podosphaera aphanis,"NCBI Taxonomy EFetch, retrieved 2026-08-10"
82135,Fannyhessea vaginae,species,82135.0,Fannyhessea vaginae,"NCBI Taxonomy EFetch, retrieved 2026-08-10"
82508,Trichosporon asahii,species,82508.0,Trichosporon asahii,"NCBI Taxonomy EFetch, retrieved 2026-08-10"
82514,Apiotrichum domesticum,species,82514.0,Apiotrichum domesticum,"NCBI Taxonomy EFetch, retrieved 2026-08-10"
82517,Trichosporon inkin,species,82517.0,Trichosporon inkin,"NCBI Taxonomy EFetch, retrieved 2026-08-10"
82518,Cutaneotrichosporon jirovecii,species,82518.0,Cutaneotrichosporon jirovecii,"NCBI Taxonomy EFetch, retrieved 2026-08-10"
82524,Trichosporon ovoides,species,82524.0,Trichosporon ovoides,"NCBI Taxonomy EFetch, retrieved 2026-08-10"
82996,Serratia plymuthica,species,82996.0,Serratia plymuthica,"NCBI Taxonomy EFetch, retrieved 2026-08-10"
83186,Diaporthe citri,species,83186.0,Diaporthe citri,"NCBI Taxonomy EFetch, retrieved 2026-08-10"
83188,Diaporthe nomurai,species,83188.0,Diaporthe nomurai,"NCBI Taxonomy EFetch, retrieved 2026-08-10"
83332,Mycobacterium tuberculosis H37Rv,strain,1773.0,Mycobacterium tuberculosis,"NCBI Taxonomy EFetch, retrieved 2026-08-10"
83333,Escherichia coli K-12,strain,562.0,Escherichia coli,"NCBI Taxonomy EFetch, retrieved 2026-08-10"
83334,Escherichia coli O157:H7,no rank,562.0,Escherichia coli,"NCBI Taxonomy EFetch, retrieved 2026-08-10"
83552,Parachlamydia acanthamoebae,species,83552.0,Parachlamydia acanthamoebae,"NCBI Taxonomy EFetch, retrieved 2026-08-10"
83554,Chlamydia psittaci,species,83554.0,Chlamydia psittaci,"NCBI Taxonomy EFetch, retrieved 2026-08-10"
83557,Chlamydia caviae,species,83557.0,Chlamydia caviae,"NCBI Taxonomy EFetch, retrieved 2026-08-10"
83558,Chlamydia pneumoniae,species,83558.0,Chlamydia pneumoniae,"NCBI Taxonomy EFetch, retrieved 2026-08-10"
83559,Chlamydia suis,species,83559.0,Chlamydia suis,"NCBI Taxonomy EFetch, retrieved 2026-08-10"
83560,Chlamydia muridarum,species,83560.0,Chlamydia muridarum,"NCBI Taxonomy EFetch, retrieved 2026-08-10"
84024,Clostridium disporicum,species,84024.0,Clostridium disporicum,"NCBI Taxonomy EFetch, retrieved 2026-08-10"
84109,Slackia exigua,species,84109.0,Slackia exigua,"NCBI Taxonomy EFetch, retrieved 2026-08-10"
84112,Eggerthella lenta,species,84112.0,Eggerthella lenta,"NCBI Taxonomy EFetch, retrieved 2026-08-10"
84135,Gemella sanguinis,species,84135.0,Gemella sanguinis,"NCBI Taxonomy EFetch, retrieved 2026-08-10"
84275,Cercospora kikuchii,species,84275.0,Cercospora kikuchii,"NCBI Taxonomy EFetch, retrieved 2026-08-10"
84586,Pseudomonas borealis,species,84586.0,Pseudomonas borealis,"NCBI Taxonomy EFetch, retrieved 2026-08-10"
84631,Providencia alcalifaciens,species,84631.0,Providencia alcalifaciens,"NCBI Taxonomy EFetch, retrieved 2026-08-10"
85085,Pseudarthrobacter chlorophenolicus,species,85085.0,Pseudarthrobacter chlorophenolicus,"NCBI Taxonomy EFetch, retrieved 2026-08-10"
85698,Achromobacter xylosoxidans,species,85698.0,Achromobacter xylosoxidans,"NCBI Taxonomy EFetch, retrieved 2026-08-10"
85962,Helicobacter pylori 26695,strain,210.0,Helicobacter pylori,"NCBI Taxonomy EFetch, retrieved 2026-08-10"
85963,Helicobacter pylori J99,strain,210.0,Helicobacter pylori,"NCBI Taxonomy EFetch, retrieved 2026-08-10"
86028,Oculimacula yallundae,species,86028.0,Oculimacula yallundae,"NCBI Taxonomy EFetch, retrieved 2026-08-10"
86040,Xanthomonas citri pv. malvacearum,no rank,346.0,Xanthomonas citri,"NCBI Taxonomy EFetch, retrieved 2026-08-10"
86049,Cladophialophora carrionii,species,86049.0,Cladophialophora carrionii,"NCBI Taxonomy EFetch, retrieved 2026-08-10"
86057,Fonsecaea compacta,species,86057.0,Fonsecaea compacta,"NCBI Taxonomy EFetch, retrieved 2026-08-10"
86632,Rhizopus homothallicus,species,86632.0,Rhizopus homothallicus,"NCBI Taxonomy EFetch, retrieved 2026-08-10"
86664,Priestia flexa,species,86664.0,Priestia flexa,"NCBI Taxonomy EFetch, retrieved 2026-08-10"
87101,Pichia sporocuriosa,species,87101.0,Pichia sporocuriosa,"NCBI Taxonomy EFetch, retrieved 2026-08-10"
87882,Burkholderia cepacia complex,species group,,,"NCBI Taxonomy EFetch, retrieved 2026-08-10"
87883,Burkholderia multivorans,species,87883.0,Burkholderia multivorans,"NCBI Taxonomy EFetch, retrieved 2026-08-10"
88916,Borreliella spielmanii,species,88916.0,Borreliella spielmanii,"NCBI Taxonomy EFetch, retrieved 2026-08-10"
89014,Blautia luti,species,89014.0,Blautia luti,"NCBI Taxonomy EFetch, retrieved 2026-08-10"
89153,[Clostridium] hylemonae,species,89153.0,[Clostridium] hylemonae,"NCBI Taxonomy EFetch, retrieved 2026-08-10"
89628,Fusarium mori,species,89628.0,Fusarium mori,"NCBI Taxonomy EFetch, retrieved 2026-08-10"
89940,Cladophialophora bantiana,species,89940.0,Cladophialophora bantiana,"NCBI Taxonomy EFetch, retrieved 2026-08-10"
90062,Leptospira interrogans serovar Icterohaemorrhagiae,no rank,173.0,Leptospira interrogans,"NCBI Taxonomy EFetch, retrieved 2026-08-10"
90105,Salmonella enterica subsp. enterica serovar Saintpaul,no rank,28901.0,Salmonella enterica,"NCBI Taxonomy EFetch, retrieved 2026-08-10"
90251,Cunninghamella bertholletiae,species,90251.0,Cunninghamella bertholletiae,"NCBI Taxonomy EFetch, retrieved 2026-08-10"
90258,Saksenaea vasiformis,species,90258.0,Saksenaea vasiformis,"NCBI Taxonomy EFetch, retrieved 2026-08-10"
90259,Rhizopus microsporus var. rhizopodiformis,varietas,58291.0,Rhizopus microsporus,"NCBI Taxonomy EFetch, retrieved 2026-08-10"
90264,Mucor ramosissimus,species,90264.0,Mucor ramosissimus,"NCBI Taxonomy EFetch, retrieved 2026-08-10"
90265,Mucor irregularis,species,90265.0,Mucor irregularis,"NCBI Taxonomy EFetch, retrieved 2026-08-10"
90269,Apophysomyces elegans,species,90269.0,Apophysomyces elegans,"NCBI Taxonomy EFetch, retrieved 2026-08-10"
90370,Salmonella enterica subsp. enterica serovar Typhi,no rank,28901.0,Salmonella enterica,"NCBI Taxonomy EFetch, retrieved 2026-08-10"
90371,Salmonella enterica subsp. enterica serovar Typhimurium,no rank,28901.0,Salmonella enterica,"NCBI Taxonomy EFetch, retrieved 2026-08-10"
91365,Curvularia australiensis,species,91365.0,Curvularia australiensis,"NCBI Taxonomy EFetch, retrieved 2026-08-10"
91631,Penicillium abidjanum,species,91631.0,Penicillium abidjanum,"NCBI Taxonomy EFetch, retrieved 2026-08-10"
91928,Exophiala spinifera,species,91928.0,Exophiala spinifera,"NCBI Taxonomy EFetch, retrieved 2026-08-10"
91930,Coniochaeta hoffmannii,species,91930.0,Coniochaeta hoffmannii,"NCBI Taxonomy EFetch, retrieved 2026-08-10"
91943,Hortaea werneckii,species,91943.0,Hortaea werneckii,"NCBI Taxonomy EFetch, retrieved 2026-08-10"
92473,Podosphaera fuliginea,species,92473.0,Podosphaera fuliginea,"NCBI Taxonomy EFetch, retrieved 2026-08-10"
92950,Cladosporium sphaerospermum,species,92950.0,Cladosporium sphaerospermum,"NCBI Taxonomy EFetch, retrieved 2026-08-10"
92953,Naganishia albidosimilis,species,92953.0,Naganishia albidosimilis,"NCBI Taxonomy EFetch, retrieved 2026-08-10"
93061,Staphylococcus aureus subsp. aureus NCTC 8325,strain,1280.0,Staphylococcus aureus,"NCBI Taxonomy EFetch, retrieved 2026-08-10"
93062,Staphylococcus aureus subsp. aureus COL,strain,1280.0,Staphylococcus aureus,"NCBI Taxonomy EFetch, retrieved 2026-08-10"
93593,Simplicillium lamellicola,species,93593.0,Simplicillium lamellicola,"NCBI Taxonomy EFetch, retrieved 2026-08-10"
93612,Exserohilum turcicum,species,93612.0,Exserohilum turcicum,"NCBI Taxonomy EFetch, retrieved 2026-08-10"
94138,Staphylococcus ureilyticus,species,94138.0,Staphylococcus ureilyticus,"NCBI Taxonomy EFetch, retrieved 2026-08-10"
95162,Nocardia beijingensis,species,95162.0,Nocardia beijingensis,"NCBI Taxonomy EFetch, retrieved 2026-08-10"
95485,Burkholderia stabilis,species,95485.0,Burkholderia stabilis,"NCBI Taxonomy EFetch, retrieved 2026-08-10"
95486,Burkholderia cenocepacia,species,95486.0,Burkholderia cenocepacia,"NCBI Taxonomy EFetch, retrieved 2026-08-10"
97005,Heterodera schachtii,species,97005.0,Heterodera schachtii,"NCBI Taxonomy EFetch, retrieved 2026-08-10"
97098,Mucor plumbeus,species,97098.0,Mucor plumbeus,"NCBI Taxonomy EFetch, retrieved 2026-08-10"
98360,Salmonella enterica subsp. enterica serovar Dublin,no rank,28901.0,Salmonella enterica,"NCBI Taxonomy EFetch, retrieved 2026-08-10"
98668,Mycolicibacterium septicum,species,98668.0,Mycolicibacterium septicum,"NCBI Taxonomy EFetch, retrieved 2026-08-10"
99287,Salmonella enterica subsp. enterica serovar Typhimurium str. LT2,strain,28901.0,Salmonella enterica,"NCBI Taxonomy EFetch, retrieved 2026-08-10"
99822,Streptococcus dysgalactiae subsp. dysgalactiae,subspecies,1334.0,Streptococcus dysgalactiae,"NCBI Taxonomy EFetch, retrieved 2026-08-10"
100816,Madurella mycetomatis,species,100816.0,Madurella mycetomatis,"NCBI Taxonomy EFetch, retrieved 2026-08-10"
100884,Coprobacillus cateniformis,species,100884.0,Coprobacillus cateniformis,"NCBI Taxonomy EFetch, retrieved 2026-08-10"
100886,Catenibacterium mitsuokai,species,100886.0,Catenibacterium mitsuokai,"NCBI Taxonomy EFetch, retrieved 2026-08-10"
101162,Bipolaris oryzae,species,101162.0,Bipolaris oryzae,"NCBI Taxonomy EFetch, retrieved 2026-08-10"
101202,Microsporum distortum,species,101202.0,Microsporum distortum,"NCBI Taxonomy EFetch, retrieved 2026-08-10"
101203,Saprolegnia parasitica,species,101203.0,Saprolegnia parasitica,"NCBI Taxonomy EFetch, retrieved 2026-08-10"
101480,Trichophyton interdigitale,species,101480.0,Trichophyton interdigitale,"NCBI Taxonomy EFetch, retrieved 2026-08-10"
102148,Solobacterium moorei,species,102148.0,Solobacterium moorei,"NCBI Taxonomy EFetch, retrieved 2026-08-10"
102617,Helicobacter pylori SS1,strain,210.0,Helicobacter pylori,"NCBI Taxonomy EFetch, retrieved 2026-08-10"
102618,Helicobacter pylori NCTC 11637 = CCUG 17874 = ATCC 43504 = JCM 12093,strain,210.0,Helicobacter pylori,"NCBI Taxonomy EFetch, retrieved 2026-08-10"
102862,Proteus penneri,species,102862.0,Proteus penneri,"NCBI Taxonomy EFetch, retrieved 2026-08-10"
103188,Helicobacter pylori NCTC 11637 = CCUG 17874 = ATCC 43504 = JCM 12093,strain,210.0,Helicobacter pylori,"NCBI Taxonomy EFetch, retrieved 2026-08-10"
103796,Pseudomonas syringae pv. actinidiae,no rank,317.0,Pseudomonas syringae,"NCBI Taxonomy EFetch, retrieved 2026-08-10"
105351,Aspergillus awamori,species,105351.0,Aspergillus awamori,"NCBI Taxonomy EFetch, retrieved 2026-08-10"
105487,Cytospora mali,species,105487.0,Cytospora mali,"NCBI Taxonomy EFetch, retrieved 2026-08-10"
105697,Mucor piriformis,species,105697.0,Mucor piriformis,"NCBI Taxonomy EFetch, retrieved 2026-08-10"
105751,Aeromonas bestiarum,species,105751.0,Aeromonas bestiarum,"NCBI Taxonomy EFetch, retrieved 2026-08-10"
106002,Pseudohyphozyma bogoriensis,species,106002.0,Pseudohyphozyma bogoriensis,"NCBI Taxonomy EFetch, retrieved 2026-08-10"
106588,Pseudoflavonifractor capillosus,species,106588.0,Pseudoflavonifractor capillosus,"NCBI Taxonomy EFetch, retrieved 2026-08-10"
106654,Acinetobacter nosocomialis,species,106654.0,Acinetobacter nosocomialis,"NCBI Taxonomy EFetch, retrieved 2026-08-10"
107327,Pseudoalteromonas ulvae,species,107327.0,Pseudoalteromonas ulvae,"NCBI Taxonomy EFetch, retrieved 2026-08-10"
107401,Tenacibaculum maritimum,species,107401.0,Tenacibaculum maritimum,"NCBI Taxonomy EFetch, retrieved 2026-08-10"
107673,Acinetobacter calcoaceticus subsp. anitratus,subspecies,471.0,Acinetobacter calcoaceticus,"NCBI Taxonomy EFetch, retrieved 2026-08-10"
107832,Thanatephorus cucumeris,species,107832.0,Thanatephorus cucumeris,"NCBI Taxonomy EFetch, retrieved 2026-08-10"
108429,Neoscytalidium hyalinum,species,108429.0,Neoscytalidium hyalinum,"NCBI Taxonomy EFetch, retrieved 2026-08-10"
108619,Salmonella enterica subsp. enterica serovar Newport,no rank,28901.0,Salmonella enterica,"NCBI Taxonomy EFetch, retrieved 2026-08-10"
108899,Phellinus tremulae,species,108899.0,Phellinus tremulae,"NCBI Taxonomy EFetch, retrieved 2026-08-10"
109790,Lactobacillus jensenii,species,109790.0,Lactobacillus jensenii,"NCBI Taxonomy EFetch, retrieved 2026-08-10"
110539,Mycolicibacterium austroafricanum,species,110539.0,Mycolicibacterium austroafricanum,"NCBI Taxonomy EFetch, retrieved 2026-08-10"
112091,Aphanomyces cochlioides,species,112091.0,Aphanomyces cochlioides,"NCBI Taxonomy EFetch, retrieved 2026-08-10"
113287,Pseudoramibacter alactolyticus,species,113287.0,Pseudoramibacter alactolyticus,"NCBI Taxonomy EFetch, retrieved 2026-08-10"
114517,Aeromonas veronii bv. sobria,no rank,654.0,Aeromonas veronii,"NCBI Taxonomy EFetch, retrieved 2026-08-10"
115981,Salmonella enterica subsp. enterica serovar Montevideo,no rank,28901.0,Salmonella enterica,"NCBI Taxonomy EFetch, retrieved 2026-08-10"
117187,Fusarium verticillioides,species,117187.0,Fusarium verticillioides,"NCBI Taxonomy EFetch, retrieved 2026-08-10"
118562,Limnospira platensis,species,118562.0,Limnospira platensis,"NCBI Taxonomy EFetch, retrieved 2026-08-10"
119072,Caldanaerobacter subterraneus subsp. tengcongensis,subspecies,911092.0,Caldanaerobacter subterraneus,"NCBI Taxonomy EFetch, retrieved 2026-08-10"
119497,Exanthemachrysis gayraliae,species,119497.0,Exanthemachrysis gayraliae,"NCBI Taxonomy EFetch, retrieved 2026-08-10"
119602,Streptococcus dysgalactiae subsp. equisimilis,subspecies,1334.0,Streptococcus dysgalactiae,"NCBI Taxonomy EFetch, retrieved 2026-08-10"
119676,Nannizzia nana,species,119676.0,Nannizzia nana,"NCBI Taxonomy EFetch, retrieved 2026-08-10"
119856,Francisella tularensis subsp. tularensis,subspecies,263.0,Francisella tularensis,"NCBI Taxonomy EFetch, retrieved 2026-08-10"
119857,Francisella tularensis subsp. holarctica,subspecies,263.0,Francisella tularensis,"NCBI Taxonomy EFetch, retrieved 2026-08-10"
119912,Salmonella enterica subsp. enterica serovar Choleraesuis,no rank,28901.0,Salmonella enterica,"NCBI Taxonomy EFetch, retrieved 2026-08-10"
120644,Fusarium thapsinum,species,120644.0,Fusarium thapsinum,"NCBI Taxonomy EFetch, retrieved 2026-08-10"
120957,Nocardia abscessus,species,120957.0,Nocardia abscessus,"NCBI Taxonomy EFetch, retrieved 2026-08-10"
121759,Paracoccidioides brasiliensis,species,121759.0,Paracoccidioides brasiliensis,"NCBI Taxonomy EFetch, retrieved 2026-08-10"
122368,Cercospora beticola,species,122368.0,Cercospora beticola,"NCBI Taxonomy EFetch, retrieved 2026-08-10"
122586,Neisseria meningitidis MC58,strain,487.0,Neisseria meningitidis,"NCBI Taxonomy EFetch, retrieved 2026-08-10"
126157,Psychrobacillus psychrodurans,species,126157.0,Psychrobacillus psychrodurans,"NCBI Taxonomy EFetch, retrieved 2026-08-10"
126385,Providencia alcalifaciens,species,126385.0,Providencia alcalifaciens,"NCBI Taxonomy EFetch, retrieved 2026-08-10"
127906,Vibrio cholerae O1,serogroup,666.0,Vibrio cholerae,"NCBI Taxonomy EFetch, retrieved 2026-08-10"
128442,Talaromyces pinophilus,species,128442.0,Talaromyces pinophilus,"NCBI Taxonomy EFetch, retrieved 2026-08-10"
129132,Cutaneotrichosporon dermatis,species,129132.0,Cutaneotrichosporon dermatis,"NCBI Taxonomy EFetch, retrieved 2026-08-10"
129354,Phytophthora katsurae,species,129354.0,Phytophthora katsurae,"NCBI Taxonomy EFetch, retrieved 2026-08-10"
129359,Phytophthora porri,species,129359.0,Phytophthora porri,"NCBI Taxonomy EFetch, retrieved 2026-08-10"
131111,Schaalia turicensis,species,131111.0,Schaalia turicensis,"NCBI Taxonomy EFetch, retrieved 2026-08-10"
132095,Cercospora canescens,species,132095.0,Cercospora canescens,"NCBI Taxonomy EFetch, retrieved 2026-08-10"
132249,Nocardia veterana,species,132249.0,Nocardia veterana,"NCBI Taxonomy EFetch, retrieved 2026-08-10"
133448,Citrobacter youngae,species,133448.0,Citrobacter youngae,"NCBI Taxonomy EFetch, retrieved 2026-08-10"
134047,Salmonella enterica subsp. enterica serovar Bredeney,no rank,28901.0,Salmonella enterica,"NCBI Taxonomy EFetch, retrieved 2026-08-10"
134821,Ureaplasma parvum,species,134821.0,Ureaplasma parvum,"NCBI Taxonomy EFetch, retrieved 2026-08-10"
135461,Bacillus subtilis subsp. subtilis,subspecies,1423.0,Bacillus subtilis,"NCBI Taxonomy EFetch, retrieved 2026-08-10"
135487,Nocardia cyriacigeorgica,species,135487.0,Nocardia cyriacigeorgica,"NCBI Taxonomy EFetch, retrieved 2026-08-10"
135589,Coniferiporia weirii,species,135589.0,Coniferiporia weirii,"NCBI Taxonomy EFetch, retrieved 2026-08-10"
135859,Alternaria citri,species,135859.0,Alternaria citri,"NCBI Taxonomy EFetch, retrieved 2026-08-10"
138282,Aspergillus sclerotiorum,species,138282.0,Aspergillus sclerotiorum,"NCBI Taxonomy EFetch, retrieved 2026-08-10"
140099,Salmonella enterica subsp. enterica serovar Virginia,no rank,28901.0,Salmonella enterica,"NCBI Taxonomy EFetch, retrieved 2026-08-10"
142461,Vibrio ichthyoenteri,species,142461.0,Vibrio ichthyoenteri,"NCBI Taxonomy EFetch, retrieved 2026-08-10"
143453,Pseudoperonospora cubensis,species,143453.0,Pseudoperonospora cubensis,"NCBI Taxonomy EFetch, retrieved 2026-08-10"
144177,Mobiluncus curtisii subsp. curtisii,subspecies,2051.0,Mobiluncus curtisii,"NCBI Taxonomy EFetch, retrieved 2026-08-10"
145262,Methanothermobacter thermautotrophicus,species,145262.0,Methanothermobacter thermautotrophicus,"NCBI Taxonomy EFetch, retrieved 2026-08-10"
145393,Staphylococcus hominis subsp. novobiosepticus,subspecies,1290.0,Staphylococcus hominis,"NCBI Taxonomy EFetch, retrieved 2026-08-10"
146827,Corynebacterium simulans,species,146827.0,Corynebacterium simulans,"NCBI Taxonomy EFetch, retrieved 2026-08-10"
147452,Staphylococcus saprophyticus,species,147452.0,Staphylococcus saprophyticus,"NCBI Taxonomy EFetch, retrieved 2026-08-10"
147467,Mammaliicoccus sciuri,species,147467.0,Mammaliicoccus sciuri,"NCBI Taxonomy EFetch, retrieved 2026-08-10"
147468,Mammaliicoccus sciuri,species,147468.0,Mammaliicoccus sciuri,"NCBI Taxonomy EFetch, retrieved 2026-08-10"
147469,Mammaliicoccus sciuri,species,147469.0,Mammaliicoccus sciuri,"NCBI Taxonomy EFetch, retrieved 2026-08-10"
147645,Paracoccus yeei,species,147645.0,Paracoccus yeei,"NCBI Taxonomy EFetch, retrieved 2026-08-10"
149385,Salmonella enterica subsp. enterica serovar Hadar,no rank,28901.0,Salmonella enterica,"NCBI Taxonomy EFetch, retrieved 2026-08-10"
149390,Salmonella enterica subsp. enterica serovar London,no rank,28901.0,Salmonella enterica,"NCBI Taxonomy EFetch, retrieved 2026-08-10"
149391,Salmonella enterica subsp. enterica serovar Braenderup,no rank,28901.0,Salmonella enterica,"NCBI Taxonomy EFetch, retrieved 2026-08-10"
149539,Salmonella enterica subsp. enterica serovar Enteritidis,no rank,28901.0,Salmonella enterica,"NCBI Taxonomy EFetch, retrieved 2026-08-10"
150056,Mammaliicoccus fleurettii,species,150056.0,Mammaliicoccus fleurettii,"NCBI Taxonomy EFetch, retrieved 2026-08-10"
150568,Ophiostoma minus,species,150568.0,Ophiostoma minus,"NCBI Taxonomy EFetch, retrieved 2026-08-10"
152480,Burkholderia ambifaria,species,152480.0,Burkholderia ambifaria,"NCBI Taxonomy EFetch, retrieved 2026-08-10"
152500,Burkholderia dolosa,species,152500.0,Burkholderia dolosa,"NCBI Taxonomy EFetch, retrieved 2026-08-10"
153151,Parageobacillus toebii,species,153151.0,Parageobacillus toebii,"NCBI Taxonomy EFetch, retrieved 2026-08-10"
154046,Hungatella hathewayi,species,154046.0,Hungatella hathewayi,"NCBI Taxonomy EFetch, retrieved 2026-08-10"
155892,Caulobacter vibrioides,species,155892.0,Caulobacter vibrioides,"NCBI Taxonomy EFetch, retrieved 2026-08-10"
157706,Fomitopsis dickinsii,species,157706.0,Fomitopsis dickinsii,"NCBI Taxonomy EFetch, retrieved 2026-08-10"
158836,Enterobacter hormaechei,species,158836.0,Enterobacter hormaechei,"NCBI Taxonomy EFetch, retrieved 2026-08-10"
158878,Staphylococcus aureus subsp. aureus Mu50,strain,1280.0,Staphylococcus aureus,"NCBI Taxonomy EFetch, retrieved 2026-08-10"
158879,Staphylococcus aureus subsp. aureus N315,strain,1280.0,Staphylococcus aureus,"NCBI Taxonomy EFetch, retrieved 2026-08-10"
160389,Alternaria longipes,species,160389.0,Alternaria longipes,"NCBI Taxonomy EFetch, retrieved 2026-08-10"
160404,Anaerotignum lactatifermentans,species,160404.0,Anaerotignum lactatifermentans,"NCBI Taxonomy EFetch, retrieved 2026-08-10"
160488,Pseudomonas putida KT2440,strain,303.0,Pseudomonas putida,"NCBI Taxonomy EFetch, retrieved 2026-08-10"
160490,Streptococcus pyogenes M1 GAS,strain,1314.0,Streptococcus pyogenes,"NCBI Taxonomy EFetch, retrieved 2026-08-10"
162425,Aspergillus nidulans,species,162425.0,Aspergillus nidulans,"NCBI Taxonomy EFetch, retrieved 2026-08-10"
163011,Pseudomonas lini,species,163011.0,Pseudomonas lini,"NCBI Taxonomy EFetch, retrieved 2026-08-10"
166633,Cladosporium cucumerinum,species,166633.0,Cladosporium cucumerinum,"NCBI Taxonomy EFetch, retrieved 2026-08-10"
167741,Alternaria mali,species,167741.0,Alternaria mali,"NCBI Taxonomy EFetch, retrieved 2026-08-10"
169292,Corynebacterium aurimucosum,species,169292.0,Corynebacterium aurimucosum,"NCBI Taxonomy EFetch, retrieved 2026-08-10"
169388,Fusarium solani,species,169388.0,Fusarium solani,"NCBI Taxonomy EFetch, retrieved 2026-08-10"
169489,Malassezia dermatis,species,169489.0,Malassezia dermatis,"NCBI Taxonomy EFetch, retrieved 2026-08-10"
169960,Arthrobacter gandavensis,species,169960.0,Arthrobacter gandavensis,"NCBI Taxonomy EFetch, retrieved 2026-08-10"
169963,Listeria monocytogenes EGD-e,strain,1639.0,Listeria monocytogenes,"NCBI Taxonomy EFetch, retrieved 2026-08-10"
170187,Streptococcus pneumoniae TIGR4,strain,1313.0,Streptococcus pneumoniae,"NCBI Taxonomy EFetch, retrieved 2026-08-10"
171101,Streptococcus pneumoniae R6,strain,1313.0,Streptococcus pneumoniae,"NCBI Taxonomy EFetch, retrieved 2026-08-10"
171674,Inquilinus limosus,species,171674.0,Inquilinus limosus,"NCBI Taxonomy EFetch, retrieved 2026-08-10"
174157,Leptospira interrogans serovar Autumnalis,no rank,173.0,Leptospira interrogans,"NCBI Taxonomy EFetch, retrieved 2026-08-10"
176275,Beauveria bassiana,species,176275.0,Beauveria bassiana,"NCBI Taxonomy EFetch, retrieved 2026-08-10"
176279,Staphylococcus epidermidis RP62A,strain,1282.0,Staphylococcus epidermidis,"NCBI Taxonomy EFetch, retrieved 2026-08-10"
177416,Francisella tularensis subsp. tularensis SCHU S4,strain,263.0,Francisella tularensis,"NCBI Taxonomy EFetch, retrieved 2026-08-10"
178876,Cryptococcus neoformans,species,5207.0,Cryptococcus neoformans,"NCBI Taxonomy EFetch, retrieved 2026-08-10; merged alias resolved to accepted tax_id 5207 by EFetch on 2026-08-14"
179879,Burkholderia anthina,species,179879.0,Burkholderia anthina,"NCBI Taxonomy EFetch, retrieved 2026-08-10"
182092,Botrytis fabae,species,182092.0,Botrytis fabae,"NCBI Taxonomy EFetch, retrieved 2026-08-10"
182337,Erwinia billingiae,species,182337.0,Erwinia billingiae,"NCBI Taxonomy EFetch, retrieved 2026-08-10"
183417,Proteus hauseri,species,183417.0,Proteus hauseri,"NCBI Taxonomy EFetch, retrieved 2026-08-10"
184072,Proteus myxofaciens,species,184072.0,Proteus myxofaciens,"NCBI Taxonomy EFetch, retrieved 2026-08-10"
186800,Fusarium reticulatum,species,186800.0,Fusarium reticulatum,"NCBI Taxonomy EFetch, retrieved 2026-08-10"
188916,Mycobacterium lacticola,species,188916.0,Mycobacterium lacticola,"NCBI Taxonomy EFetch, retrieved 2026-08-10"
190893,Vibrio coralliilyticus,species,190893.0,Vibrio coralliilyticus,"NCBI Taxonomy EFetch, retrieved 2026-08-10"
191218,Bacillus anthracis str. A2012,strain,1392.0,Bacillus anthracis,"NCBI Taxonomy EFetch, retrieved 2026-08-10"
191435,Stereum sanguinolentum,species,191435.0,Stereum sanguinolentum,"NCBI Taxonomy EFetch, retrieved 2026-08-10"
192011,Cryptococcus neoformans x Cryptococcus deneoformans,species,192011.0,Cryptococcus neoformans x Cryptococcus deneoformans,"NCBI Taxonomy EFetch, retrieved 2026-08-10"
192953,Salmonella enterica subsp. enterica serovar Stanley,no rank,28901.0,Salmonella enterica,"NCBI Taxonomy EFetch, retrieved 2026-08-10"
192954,Salmonella enterica subsp. enterica serovar Mbandaka,no rank,28901.0,Salmonella enterica,"NCBI Taxonomy EFetch, retrieved 2026-08-10"
192955,Salmonella enterica subsp. enterica serovar Kentucky,no rank,28901.0,Salmonella enterica,"NCBI Taxonomy EFetch, retrieved 2026-08-10"
192956,Salmonella enterica subsp. enterica serovar Haifa,no rank,28901.0,Salmonella enterica,"NCBI Taxonomy EFetch, retrieved 2026-08-10"
193461,Streptomyces aureus,species,193461.0,Streptomyces aureus,"NCBI Taxonomy EFetch, retrieved 2026-08-10"
195108,Fusarium falciforme,species,195108.0,Fusarium falciforme,"NCBI Taxonomy EFetch, retrieved 2026-08-10"
196620,Staphylococcus aureus subsp. aureus MW2,strain,1280.0,Staphylococcus aureus,"NCBI Taxonomy EFetch, retrieved 2026-08-10"
197614,Streptococcus pasteurianus,species,197614.0,Streptococcus pasteurianus,"NCBI Taxonomy EFetch, retrieved 2026-08-10"
198094,Bacillus anthracis str. Ames,strain,1392.0,Bacillus anthracis,"NCBI Taxonomy EFetch, retrieved 2026-08-10"
198730,Talaromyces verruculosus,species,198730.0,Talaromyces verruculosus,"NCBI Taxonomy EFetch, retrieved 2026-08-10"
199306,Coccidioides posadasii,species,199306.0,Coccidioides posadasii,"NCBI Taxonomy EFetch, retrieved 2026-08-10"
199310,Escherichia coli CFT073,strain,562.0,Escherichia coli,"NCBI Taxonomy EFetch, retrieved 2026-08-10"
202751,Listeria ivanovii subsp. ivanovii,subspecies,1638.0,Listeria ivanovii,"NCBI Taxonomy EFetch, retrieved 2026-08-10"
202752,Listeria ivanovii subsp. londoniensis,subspecies,1638.0,Listeria ivanovii,"NCBI Taxonomy EFetch, retrieved 2026-08-10"
202950,Acinetobacter baylyi,species,202950.0,Acinetobacter baylyi,"NCBI Taxonomy EFetch, retrieved 2026-08-10"
204722,Brucella suis 1330,strain,29461.0,Brucella suis,"NCBI Taxonomy EFetch, retrieved 2026-08-10"
208347,Puccinia allii,species,208347.0,Puccinia allii,"NCBI Taxonomy EFetch, retrieved 2026-08-10"
208479,Enterocloster bolteae,species,208479.0,Enterocloster bolteae,"NCBI Taxonomy EFetch, retrieved 2026-08-10"
208964,Pseudomonas aeruginosa PAO1,strain,287.0,Pseudomonas aeruginosa,"NCBI Taxonomy EFetch, retrieved 2026-08-10"
209261,Salmonella enterica subsp. enterica serovar Typhi str. Ty2,strain,28901.0,Salmonella enterica,"NCBI Taxonomy EFetch, retrieved 2026-08-10"
210007,Streptococcus mutans UA159,strain,1309.0,Streptococcus mutans,"NCBI Taxonomy EFetch, retrieved 2026-08-10"
211880,Leptospira interrogans serovar Canicola,no rank,173.0,Leptospira interrogans,"NCBI Taxonomy EFetch, retrieved 2026-08-10"
211882,Leptospira interrogans serovar Australis,no rank,173.0,Leptospira interrogans,"NCBI Taxonomy EFetch, retrieved 2026-08-10"
214092,Yersinia pestis CO92,strain,632.0,Yersinia pestis,"NCBI Taxonomy EFetch, retrieved 2026-08-10"
215243,Exophiala oligosperma,species,215243.0,Exophiala oligosperma,"NCBI Taxonomy EFetch, retrieved 2026-08-10"
215419,Geotrichum silvicola,species,215419.0,Geotrichum silvicola,"NCBI Taxonomy EFetch, retrieved 2026-08-10"
216591,Burkholderia cenocepacia J2315,strain,95486.0,Burkholderia cenocepacia,"NCBI Taxonomy EFetch, retrieved 2026-08-10"
216597,Salmonella enterica subsp. enterica serovar Typhimurium str. SL1344,strain,28901.0,Salmonella enterica,"NCBI Taxonomy EFetch, retrieved 2026-08-10"
216816,Bifidobacterium longum,species,216816.0,Bifidobacterium longum,"NCBI Taxonomy EFetch, retrieved 2026-08-10"
216937,Spiroplasma floricola,species,216937.0,Spiroplasma floricola,"NCBI Taxonomy EFetch, retrieved 2026-08-10"
217992,Escherichia coli O6,serogroup,562.0,Escherichia coli,"NCBI Taxonomy EFetch, retrieved 2026-08-10"
218538,Dialister invisus,species,218538.0,Dialister invisus,"NCBI Taxonomy EFetch, retrieved 2026-08-10"
220341,Salmonella enterica subsp. enterica serovar Typhi str. CT18,strain,28901.0,Salmonella enterica,"NCBI Taxonomy EFetch, retrieved 2026-08-10"
224308,Bacillus subtilis subsp. subtilis str. 168,strain,1423.0,Bacillus subtilis,"NCBI Taxonomy EFetch, retrieved 2026-08-10"
224326,Borreliella burgdorferi B31,strain,139.0,Borreliella burgdorferi,"NCBI Taxonomy EFetch, retrieved 2026-08-10"
226185,Enterococcus faecalis V583,strain,1351.0,Enterococcus faecalis,"NCBI Taxonomy EFetch, retrieved 2026-08-10"
228604,Segatella salivae,species,228604.0,Segatella salivae,"NCBI Taxonomy EFetch, retrieved 2026-08-10"
229549,Streptococcus minor,species,229549.0,Streptococcus minor,"NCBI Taxonomy EFetch, retrieved 2026-08-10"
235443,Cryptococcus neoformans H99,strain,5207.0,Cryptococcus neoformans,"NCBI Taxonomy EFetch, retrieved 2026-08-10"
237561,Candida albicans SC5314,strain,5476.0,Candida albicans,"NCBI Taxonomy EFetch, retrieved 2026-08-10"
237895,Cryptosporidium hominis,species,237895.0,Cryptosporidium hominis,"NCBI Taxonomy EFetch, retrieved 2026-08-10"
241526,Candida africana,species,241526.0,Candida africana,"NCBI Taxonomy EFetch, retrieved 2026-08-10"
242750,Hallella bergensis,species,242750.0,Hallella bergensis,"NCBI Taxonomy EFetch, retrieved 2026-08-10"
243922,Acinetobacter rhizosphaerae,species,243922.0,Acinetobacter rhizosphaerae,"NCBI Taxonomy EFetch, retrieved 2026-08-10"
244366,Klebsiella variicola,species,244366.0,Klebsiella variicola,"NCBI Taxonomy EFetch, retrieved 2026-08-10"
246196,Mycolicibacterium smegmatis MC2 155,strain,1772.0,Mycolicibacterium smegmatis,"NCBI Taxonomy EFetch, retrieved 2026-08-10"
254056,Fonsecaea monophora,species,254056.0,Fonsecaea monophora,"NCBI Taxonomy EFetch, retrieved 2026-08-10"
256701,Glutamicibacter arilaitensis,species,256701.0,Glutamicibacter arilaitensis,"NCBI Taxonomy EFetch, retrieved 2026-08-10"
260799,Bacillus anthracis str. Sterne,strain,1392.0,Bacillus anthracis,"NCBI Taxonomy EFetch, retrieved 2026-08-10"
261299,Intestinibacter bartlettii,species,261299.0,Intestinibacter bartlettii,"NCBI Taxonomy EFetch, retrieved 2026-08-10"
264691,Trichormus variabilis,species,264691.0,Trichormus variabilis,"NCBI Taxonomy EFetch, retrieved 2026-08-10"
264951,Paecilomyces variotii,species,264951.0,Paecilomyces variotii,"NCBI Taxonomy EFetch, retrieved 2026-08-10"
272563,Clostridioides difficile 630,strain,1496.0,Clostridioides difficile,"NCBI Taxonomy EFetch, retrieved 2026-08-10"
272624,Legionella pneumophila subsp. pneumophila str. Philadelphia 1,strain,446.0,Legionella pneumophila,"NCBI Taxonomy EFetch, retrieved 2026-08-10"
272947,Rickettsia prowazekii str. Madrid E,strain,782.0,Rickettsia prowazekii,"NCBI Taxonomy EFetch, retrieved 2026-08-10"
273123,Yersinia pseudotuberculosis IP 32953,strain,633.0,Yersinia pseudotuberculosis,"NCBI Taxonomy EFetch, retrieved 2026-08-10"
273371,Lodderomyces orthopsilosis,species,273371.0,Lodderomyces orthopsilosis,"NCBI Taxonomy EFetch, retrieved 2026-08-10"
273372,Lodderomyces metapsilosis,species,273372.0,Lodderomyces metapsilosis,"NCBI Taxonomy EFetch, retrieved 2026-08-10"
278025,Arxiozyma pintolopesii,species,278025.0,Arxiozyma pintolopesii,"NCBI Taxonomy EFetch, retrieved 2026-08-10"
278132,Limimaricola hongkongensis,species,278132.0,Limimaricola hongkongensis,"NCBI Taxonomy EFetch, retrieved 2026-08-10"
279139,Trichophyton tonsurans var. sulfureum,varietas,34387.0,Trichophyton tonsurans,"NCBI Taxonomy EFetch, retrieved 2026-08-10"
280498,Leptospira interrogans serovar Grippotyphosa,no rank,173.0,Leptospira interrogans,"NCBI Taxonomy EFetch, retrieved 2026-08-10"
280500,Leptospira interrogans serovar Pyrogenes,no rank,173.0,Leptospira interrogans,"NCBI Taxonomy EFetch, retrieved 2026-08-10"
281920,Porphyromonas uenonis,species,281920.0,Porphyromonas uenonis,"NCBI Taxonomy EFetch, retrieved 2026-08-10"
282458,Staphylococcus aureus subsp. aureus MRSA252,strain,1280.0,Staphylococcus aureus,"NCBI Taxonomy EFetch, retrieved 2026-08-10"
283166,Bartonella henselae str. Houston-1,strain,38323.0,Bartonella henselae,"NCBI Taxonomy EFetch, retrieved 2026-08-10"
284593,Nakaseomyces glabratus CBS 138,strain,5478.0,Nakaseomyces glabratus,"NCBI Taxonomy EFetch, retrieved 2026-08-10"
286432,Aspergillus fumisynnematus,species,286432.0,Aspergillus fumisynnematus,"NCBI Taxonomy EFetch, retrieved 2026-08-10"
286783,Salmonella enterica subsp. enterica serovar Indiana,no rank,28901.0,Salmonella enterica,"NCBI Taxonomy EFetch, retrieved 2026-08-10"
286784,Salmonella enterica subsp. enterica serovar Emek,no rank,28901.0,Salmonella enterica,"NCBI Taxonomy EFetch, retrieved 2026-08-10"
290342,Leptospira interrogans serovar Javanica,no rank,173.0,Leptospira interrogans,"NCBI Taxonomy EFetch, retrieved 2026-08-10"
291056,Paraphomopsis obscurans,species,291056.0,Paraphomopsis obscurans,"NCBI Taxonomy EFetch, retrieved 2026-08-10"
291645,Bacteroides nordii,species,291645.0,Bacteroides nordii,"NCBI Taxonomy EFetch, retrieved 2026-08-10"
292800,Flavonifractor plautii,species,292800.0,Flavonifractor plautii,"NCBI Taxonomy EFetch, retrieved 2026-08-10"
293939,Aspergillus lentulus,species,293939.0,Aspergillus lentulus,"NCBI Taxonomy EFetch, retrieved 2026-08-10"
298378,Fusarium incarnatum,species,298378.0,Fusarium incarnatum,"NCBI Taxonomy EFetch, retrieved 2026-08-10"
300852,Thermus thermophilus HB8,strain,274.0,Thermus thermophilus,"NCBI Taxonomy EFetch, retrieved 2026-08-10"
301447,Streptococcus pyogenes serotype M1,serotype,1314.0,Streptococcus pyogenes,"NCBI Taxonomy EFetch, retrieved 2026-08-10"
301448,Streptococcus pyogenes serotype M3,serotype,1314.0,Streptococcus pyogenes,"NCBI Taxonomy EFetch, retrieved 2026-08-10"
301449,Streptococcus pyogenes serotype M5,serotype,1314.0,Streptococcus pyogenes,"NCBI Taxonomy EFetch, retrieved 2026-08-10"
304736,Sulfurihydrogenibium yellowstonense,species,304736.0,Sulfurihydrogenibium yellowstonense,"NCBI Taxonomy EFetch, retrieved 2026-08-10"
305719,Segatella baroniae,species,305719.0,Segatella baroniae,"NCBI Taxonomy EFetch, retrieved 2026-08-10"
308994,Dialister propionicifaciens,species,308994.0,Dialister propionicifaciens,"NCBI Taxonomy EFetch, retrieved 2026-08-10"
309120,Dialister micraerophilus,species,309120.0,Dialister micraerophilus,"NCBI Taxonomy EFetch, retrieved 2026-08-10"
309806,Sulfurihydrogenibium azorense,species,309806.0,Sulfurihydrogenibium azorense,"NCBI Taxonomy EFetch, retrieved 2026-08-10"
312175,Leptospira interrogans serovar Bataviae,no rank,173.0,Leptospira interrogans,"NCBI Taxonomy EFetch, retrieved 2026-08-10"
312309,Aliivibrio fischeri ES114,strain,668.0,Aliivibrio fischeri,"NCBI Taxonomy EFetch, retrieved 2026-08-10"
314227,Xanthomonas campestris pv. oryzae,no rank,339.0,Xanthomonas campestris,"NCBI Taxonomy EFetch, retrieved 2026-08-10"
315946,Scedosporium aurantiacum,species,315946.0,Scedosporium aurantiacum,"NCBI Taxonomy EFetch, retrieved 2026-08-10"
316385,Escherichia coli str. K-12 substr. DH10B,no rank,562.0,Escherichia coli,"NCBI Taxonomy EFetch, retrieved 2026-08-10"
318829,Pyricularia oryzae,species,318829.0,Pyricularia oryzae,"NCBI Taxonomy EFetch, retrieved 2026-08-10"
319629,Aspergillus brasiliensis,species,319629.0,Aspergillus brasiliensis,"NCBI Taxonomy EFetch, retrieved 2026-08-10"
319705,Mycobacteroides abscessus subsp. bolletii,subspecies,36809.0,Mycobacteroides abscessus,"NCBI Taxonomy EFetch, retrieved 2026-08-10"
321314,Salmonella enterica subsp. enterica serovar Choleraesuis str. SC-B67,strain,28901.0,Salmonella enterica,"NCBI Taxonomy EFetch, retrieved 2026-08-10"
321967,Lacticaseibacillus paracasei ATCC 334,strain,1597.0,Lacticaseibacillus paracasei,"NCBI Taxonomy EFetch, retrieved 2026-08-10"
322095,Porphyromonas somerae,species,322095.0,Porphyromonas somerae,"NCBI Taxonomy EFetch, retrieved 2026-08-10"
324740,Kregervanrija fluxuum,species,324740.0,Kregervanrija fluxuum,"NCBI Taxonomy EFetch, retrieved 2026-08-10"
328812,Parabacteroides goldsteinii,species,328812.0,Parabacteroides goldsteinii,"NCBI Taxonomy EFetch, retrieved 2026-08-10"
330879,Aspergillus fumigatus Af293,strain,746128.0,Aspergillus fumigatus,"NCBI Taxonomy EFetch, retrieved 2026-08-10"
334413,Finegoldia magna ATCC 29328,strain,1260.0,Finegoldia magna,"NCBI Taxonomy EFetch, retrieved 2026-08-10"
336306,Enterobacter cloacae subsp. cloacae,subspecies,550.0,Enterobacter cloacae,"NCBI Taxonomy EFetch, retrieved 2026-08-10"
338187,Vibrio campbellii CAIM 519 = NBRC 15631 = ATCC 25920,strain,680.0,Vibrio campbellii,"NCBI Taxonomy EFetch, retrieved 2026-08-10"
338565,Erwinia tasmaniensis,species,338565.0,Erwinia tasmaniensis,"NCBI Taxonomy EFetch, retrieved 2026-08-10"
341694,Peptostreptococcus stomatis,species,341694.0,Peptostreptococcus stomatis,"NCBI Taxonomy EFetch, retrieved 2026-08-10"
342023,Streptococcus pyogenes serotype M12,serotype,1314.0,Streptococcus pyogenes,"NCBI Taxonomy EFetch, retrieved 2026-08-10"
342451,Staphylococcus saprophyticus subsp. saprophyticus ATCC 15305 = NCTC 7292,strain,29385.0,Staphylococcus saprophyticus,"NCBI Taxonomy EFetch, retrieved 2026-08-10"
342616,Streptococcus agalactiae COH1,strain,1311.0,Streptococcus agalactiae,"NCBI Taxonomy EFetch, retrieved 2026-08-10"
342794,Leptospira interrogans serovar Ballum,no rank,173.0,Leptospira interrogans,"NCBI Taxonomy EFetch, retrieved 2026-08-10"
348802,Exophiala xenobiotica,species,348802.0,Exophiala xenobiotica,"NCBI Taxonomy EFetch, retrieved 2026-08-10"
356621,Salmonella enterica subsp. enterica serovar Westhampton,no rank,28901.0,Salmonella enterica,"NCBI Taxonomy EFetch, retrieved 2026-08-10"
357240,Franconibacter helveticus,species,357240.0,Franconibacter helveticus,"NCBI Taxonomy EFetch, retrieved 2026-08-10"
358742,Enterocloster aldenensis,species,358742.0,Enterocloster aldenensis,"NCBI Taxonomy EFetch, retrieved 2026-08-10"
358743,Enterocloster citroniae,species,358743.0,Enterocloster citroniae,"NCBI Taxonomy EFetch, retrieved 2026-08-10"
358771,Salmonella enterica subsp. enterica serovar Kedougou,no rank,28901.0,Salmonella enterica,"NCBI Taxonomy EFetch, retrieved 2026-08-10"
359295,Phasmarhabditis hermaphrodita,species,359295.0,Phasmarhabditis hermaphrodita,"NCBI Taxonomy EFetch, retrieved 2026-08-10"
360920,Pseudomonas savastanoi pv. savastanoi,no rank,29438.0,Pseudomonas savastanoi,"NCBI Taxonomy EFetch, retrieved 2026-08-10"
364106,Escherichia coli UTI89,strain,562.0,Escherichia coli,"NCBI Taxonomy EFetch, retrieved 2026-08-10"
367830,Staphylococcus aureus subsp. aureus USA300,strain,1280.0,Staphylococcus aureus,"NCBI Taxonomy EFetch, retrieved 2026-08-10"
367928,Bifidobacterium adolescentis ATCC 15703,strain,1680.0,Bifidobacterium adolescentis,"NCBI Taxonomy EFetch, retrieved 2026-08-10"
373153,Streptococcus pneumoniae D39,strain,1313.0,Streptococcus pneumoniae,"NCBI Taxonomy EFetch, retrieved 2026-08-10"
376619,Francisella tularensis subsp. holarctica LVS,strain,263.0,Francisella tularensis,"NCBI Taxonomy EFetch, retrieved 2026-08-10"
378753,Kocuria rhizophila DC2201,strain,72000.0,Kocuria rhizophila,"NCBI Taxonomy EFetch, retrieved 2026-08-10"
380703,Aeromonas hydrophila subsp. hydrophila ATCC 7966,strain,644.0,Aeromonas hydrophila,"NCBI Taxonomy EFetch, retrieved 2026-08-10"
383379,Toxoplasma gondii RH,strain,5811.0,Toxoplasma gondii,"NCBI Taxonomy EFetch, retrieved 2026-08-10"
384602,Micrococcus flavus,species,384602.0,Micrococcus flavus,"NCBI Taxonomy EFetch, retrieved 2026-08-10"
393280,Pestalotiopsis calabae,species,393280.0,Pestalotiopsis calabae,"NCBI Taxonomy EFetch, retrieved 2026-08-10"
399582,Salmonella enterica subsp. enterica serovar Binza,no rank,28901.0,Salmonella enterica,"NCBI Taxonomy EFetch, retrieved 2026-08-10"
399587,Salmonella enterica subsp. enterica serovar Rissen,no rank,28901.0,Salmonella enterica,"NCBI Taxonomy EFetch, retrieved 2026-08-10"
400667,Acinetobacter baumannii ATCC 17978,strain,470.0,Acinetobacter baumannii,"NCBI Taxonomy EFetch, retrieved 2026-08-10"
401614,Francisella tularensis subsp. novicida U112,strain,263.0,Francisella tularensis,"NCBI Taxonomy EFetch, retrieved 2026-08-10"
402873,Sporothrix albicans,species,402873.0,Sporothrix albicans,"NCBI Taxonomy EFetch, retrieved 2026-08-10"
404330,Streptococcus pyogenes serotype M2,serotype,1314.0,Streptococcus pyogenes,"NCBI Taxonomy EFetch, retrieved 2026-08-10"
404933,Astrosporangium hypotensionis,species,404933.0,Astrosporangium hypotensionis,"NCBI Taxonomy EFetch, retrieved 2026-08-10"
405212,Alicyclobacillus acidocaldarius,species,405212.0,Alicyclobacillus acidocaldarius,"NCBI Taxonomy EFetch, retrieved 2026-08-10"
410289,Mycobacterium tuberculosis variant bovis BCG str. Pasteur 1173P2,strain,1773.0,Mycobacterium tuberculosis,"NCBI Taxonomy EFetch, retrieved 2026-08-10"
411464,Desulfovibrio piger ATCC 29098,strain,901.0,Desulfovibrio piger,"NCBI Taxonomy EFetch, retrieved 2026-08-10"
411577,Anaerococcus murdochii,species,411577.0,Anaerococcus murdochii,"NCBI Taxonomy EFetch, retrieved 2026-08-10"
418784,Candidozyma pseudohaemuli,species,418784.0,Candidozyma pseudohaemuli,"NCBI Taxonomy EFetch, retrieved 2026-08-10"
419947,Mycobacterium tuberculosis H37Ra,strain,1773.0,Mycobacterium tuberculosis,"NCBI Taxonomy EFetch, retrieved 2026-08-10"
420778,Diplodia seriata,species,420778.0,Diplodia seriata,"NCBI Taxonomy EFetch, retrieved 2026-08-10"
425265,Malassezia globosa CBS 7966,strain,76773.0,Malassezia globosa,"NCBI Taxonomy EFetch, retrieved 2026-08-10"
425941,Hoylesella nanceiensis,species,425941.0,Hoylesella nanceiensis,"NCBI Taxonomy EFetch, retrieved 2026-08-10"
426430,Staphylococcus aureus subsp. aureus str. Newman,strain,1280.0,Staphylococcus aureus,"NCBI Taxonomy EFetch, retrieved 2026-08-10"
431947,Porphyromonas gingivalis ATCC 33277,strain,837.0,Porphyromonas gingivalis,"NCBI Taxonomy EFetch, retrieved 2026-08-10"
435591,Parabacteroides distasonis ATCC 8503,strain,823.0,Parabacteroides distasonis,"NCBI Taxonomy EFetch, retrieved 2026-08-10"
436295,Salmonella enterica subsp. enterica serovar Poona,no rank,28901.0,Salmonella enterica,"NCBI Taxonomy EFetch, retrieved 2026-08-10"
439312,Mucor flavus,species,439312.0,Mucor flavus,"NCBI Taxonomy EFetch, retrieved 2026-08-10"
439334,Mycobacterium avium subsp. hominissuis,subspecies,1764.0,Mycobacterium avium,"NCBI Taxonomy EFetch, retrieved 2026-08-10"
440524,"Salmonella enterica subsp. enterica serovar 4,[5],12:i:-",no rank,28901.0,Salmonella enterica,"NCBI Taxonomy EFetch, retrieved 2026-08-10"
441771,Clostridium botulinum A str. Hall,strain,1491.0,Clostridium botulinum,"NCBI Taxonomy EFetch, retrieved 2026-08-10"
446639,Trichophyton longifusum,species,446639.0,Trichophyton longifusum,"NCBI Taxonomy EFetch, retrieved 2026-08-10"
447094,Histoplasma ohiense,species,447094.0,Histoplasma ohiense,"NCBI Taxonomy EFetch, retrieved 2026-08-10"
456327,Xanthomonas euvesicatoria,species,456327.0,Xanthomonas euvesicatoria,"NCBI Taxonomy EFetch, retrieved 2026-08-10"
456999,Rhizoctonia solani,species,456999.0,Rhizoctonia solani,"NCBI Taxonomy EFetch, retrieved 2026-08-10"
467210,Lachnoanaerobaculum saburreum,species,467210.0,Lachnoanaerobaculum saburreum,"NCBI Taxonomy EFetch, retrieved 2026-08-10"
469008,Escherichia coli BL21(DE3),strain,562.0,Escherichia coli,"NCBI Taxonomy EFetch, retrieved 2026-08-10"
473422,Xanthomonas citri pv. malvacearum,no rank,346.0,Xanthomonas citri,"NCBI Taxonomy EFetch, retrieved 2026-08-10"
474922,Colletotrichum gloeosporioides,species,474922.0,Colletotrichum gloeosporioides,"NCBI Taxonomy EFetch, retrieved 2026-08-10"
481805,Escherichia coli ATCC 8739,strain,562.0,Escherichia coli,"NCBI Taxonomy EFetch, retrieved 2026-08-10"
483216,Bacteroides eggerthii DSM 20697,strain,28111.0,Bacteroides eggerthii,"NCBI Taxonomy EFetch, retrieved 2026-08-10"
483687,Salmonella enterica subsp. enterica serovar Concord,no rank,28901.0,Salmonella enterica,"NCBI Taxonomy EFetch, retrieved 2026-08-10"
486994,Salmonella enterica subsp. enterica serovar Hvittingfoss,no rank,28901.0,Salmonella enterica,"NCBI Taxonomy EFetch, retrieved 2026-08-10"
491076,Lactobacillus crispatus JV-V01,strain,47770.0,Lactobacillus crispatus,"NCBI Taxonomy EFetch, retrieved 2026-08-10"
498742,Borreliella spielmanii A14S,strain,88916.0,Borreliella spielmanii,"NCBI Taxonomy EFetch, retrieved 2026-08-10"
499175,Clostridioides difficile ATCC 43255,strain,1496.0,Clostridioides difficile,"NCBI Taxonomy EFetch, retrieved 2026-08-10"
502741,Fusarium avenaceum,species,502741.0,Fusarium avenaceum,"NCBI Taxonomy EFetch, retrieved 2026-08-10"
502800,Yersinia pseudotuberculosis YPIII,strain,633.0,Yersinia pseudotuberculosis,"NCBI Taxonomy EFetch, retrieved 2026-08-10"
509207,Botryosphaeria berengeriana,species,509207.0,Botryosphaeria berengeriana,"NCBI Taxonomy EFetch, retrieved 2026-08-10"
511145,Escherichia coli str. K-12 substr. MG1655,no rank,562.0,Escherichia coli,"NCBI Taxonomy EFetch, retrieved 2026-08-10"
511693,Escherichia coli BL21,strain,562.0,Escherichia coli,"NCBI Taxonomy EFetch, retrieved 2026-08-10"
519353,Echinococcus equinus,species,519353.0,Echinococcus equinus,"NCBI Taxonomy EFetch, retrieved 2026-08-10"
523103,Trichophyton mentagrophytes,species,523103.0,Trichophyton mentagrophytes,"NCBI Taxonomy EFetch, retrieved 2026-08-10"
523107,Trichophyton mentagrophytes var. granulosum,varietas,523103.0,Trichophyton mentagrophytes,"NCBI Taxonomy EFetch, retrieved 2026-08-10"
535025,Bacillus subtilis subsp. subtilis str. JH642,strain,1423.0,Bacillus subtilis,"NCBI Taxonomy EFetch, retrieved 2026-08-10"
538528,Colletotrichum camelliae,species,538528.0,Colletotrichum camelliae,"NCBI Taxonomy EFetch, retrieved 2026-08-10"
539329,Francisella philomiragia subsp. philomiragia ATCC 25015,strain,28110.0,Francisella philomiragia,"NCBI Taxonomy EFetch, retrieved 2026-08-10"
545651,Sporothrix globosa,species,545651.0,Sporothrix globosa,"NCBI Taxonomy EFetch, retrieved 2026-08-10"
546273,Veillonella dispar ATCC 17748,strain,39778.0,Veillonella dispar,"NCBI Taxonomy EFetch, retrieved 2026-08-10"
552467,Cryptococcus bacillisporus,species,552467.0,Cryptococcus bacillisporus,"NCBI Taxonomy EFetch, retrieved 2026-08-10"
553481,Mycobacterium avium subsp. avium ATCC 25291,strain,1764.0,Mycobacterium avium,"NCBI Taxonomy EFetch, retrieved 2026-08-10"
553611,Photobacterium leiognathi,species,553611.0,Photobacterium leiognathi,"NCBI Taxonomy EFetch, retrieved 2026-08-10"
557599,Mycobacterium kansasii ATCC 12478,strain,1768.0,Mycobacterium kansasii,"NCBI Taxonomy EFetch, retrieved 2026-08-10"
557722,Pseudomonas aeruginosa LESB58,strain,287.0,Pseudomonas aeruginosa,"NCBI Taxonomy EFetch, retrieved 2026-08-10"
561152,Scopulariopsis brevicaulis,species,561152.0,Scopulariopsis brevicaulis,"NCBI Taxonomy EFetch, retrieved 2026-08-10"
561275,Mycobacterium tuberculosis variant bovis BCG str. Tokyo 172,strain,1773.0,Mycobacterium tuberculosis,"NCBI Taxonomy EFetch, retrieved 2026-08-10"
561307,Staphylococcus aureus subsp. aureus RN4220,no rank,1280.0,Staphylococcus aureus,"NCBI Taxonomy EFetch, retrieved 2026-08-10"
563466,Scedosporium apiospermum,species,563466.0,Scedosporium apiospermum,"NCBI Taxonomy EFetch, retrieved 2026-08-10"
570156,Pseudoalteromonas lipolytica,species,570156.0,Pseudoalteromonas lipolytica,"NCBI Taxonomy EFetch, retrieved 2026-08-10"
575584,Acinetobacter baumannii ATCC 19606 = CIP 70.34 = JCM 6841,strain,470.0,Acinetobacter baumannii,"NCBI Taxonomy EFetch, retrieved 2026-08-10"
578113,Cytospora mali,species,578113.0,Cytospora mali,"NCBI Taxonomy EFetch, retrieved 2026-08-10"
580240,Saccharomyces cerevisiae W303,strain,4932.0,Saccharomyces cerevisiae,"NCBI Taxonomy EFetch, retrieved 2026-08-10"
588858,Salmonella enterica subsp. enterica serovar Typhimurium str. 14028S,no rank,28901.0,Salmonella enterica,"NCBI Taxonomy EFetch, retrieved 2026-08-10"
592022,Priestia megaterium DSM 319,strain,1404.0,Priestia megaterium,"NCBI Taxonomy EFetch, retrieved 2026-08-10"
593905,Salmonella enterica subsp. enterica serovar Corvallis,no rank,28901.0,Salmonella enterica,"NCBI Taxonomy EFetch, retrieved 2026-08-10"
634468,Escherichia coli HB101,strain,562.0,Escherichia coli,"NCBI Taxonomy EFetch, retrieved 2026-08-10"
645462,Clostridioides difficile CD196,strain,1496.0,Clostridioides difficile,"NCBI Taxonomy EFetch, retrieved 2026-08-10"
652611,Pseudomonas aeruginosa PA14,strain,287.0,Pseudomonas aeruginosa,"NCBI Taxonomy EFetch, retrieved 2026-08-10"
652616,Mycobacterium tuberculosis str. Erdman = ATCC 35801,strain,1773.0,Mycobacterium tuberculosis,"NCBI Taxonomy EFetch, retrieved 2026-08-10"
665097,Erwinia piriflorinigrans,species,665097.0,Erwinia piriflorinigrans,"NCBI Taxonomy EFetch, retrieved 2026-08-10"
665099,Cytobacillus oceanisediminis,species,665099.0,Cytobacillus oceanisediminis,"NCBI Taxonomy EFetch, retrieved 2026-08-10"
668369,Escherichia coli DH5[alpha],strain,562.0,Escherichia coli,"NCBI Taxonomy EFetch, retrieved 2026-08-10"
679895,Escherichia coli BW25113,no rank,562.0,Escherichia coli,"NCBI Taxonomy EFetch, retrieved 2026-08-10"
688394,Lichtheimia ramosa,species,688394.0,Lichtheimia ramosa,"NCBI Taxonomy EFetch, retrieved 2026-08-10"
702518,Colletotrichum asianum,species,702518.0,Colletotrichum asianum,"NCBI Taxonomy EFetch, retrieved 2026-08-10"
708069,Mucor fuscus,species,708069.0,Mucor fuscus,"NCBI Taxonomy EFetch, retrieved 2026-08-10"
713888,Mucor irregularis,species,713888.0,Mucor irregularis,"NCBI Taxonomy EFetch, retrieved 2026-08-10"
716544,Waddlia chondrophila WSU 86-1044,strain,71667.0,Waddlia chondrophila,"NCBI Taxonomy EFetch, retrieved 2026-08-10"
746128,Aspergillus fumigatus,species,746128.0,Aspergillus fumigatus,"NCBI Taxonomy EFetch, retrieved 2026-08-10"
749889,Stagonosporopsis cucurbitacearum,species,749889.0,Stagonosporopsis cucurbitacearum,"NCBI Taxonomy EFetch, retrieved 2026-08-10"
768486,Enterococcus hirae ATCC 9790,strain,1354.0,Enterococcus hirae,"NCBI Taxonomy EFetch, retrieved 2026-08-10"
798162,Setophoma terrestris,species,798162.0,Setophoma terrestris,"NCBI Taxonomy EFetch, retrieved 2026-08-10"
858668,Lactobacillus gasseri EX336960VC03,strain,1596.0,Lactobacillus gasseri,"NCBI Taxonomy EFetch, retrieved 2026-08-10"
866628,Legionella pneumophila 130b,strain,446.0,Legionella pneumophila,"NCBI Taxonomy EFetch, retrieved 2026-08-10"
867914,Staphylococcus aureus LAC,strain,1280.0,Staphylococcus aureus,"NCBI Taxonomy EFetch, retrieved 2026-08-10"
879819,Cutaneotrichosporon oleaginosum,species,879819.0,Cutaneotrichosporon oleaginosum,"NCBI Taxonomy EFetch, retrieved 2026-08-10"
882102,Vibrio anguillarum 775,strain,55601.0,Vibrio anguillarum,"NCBI Taxonomy EFetch, retrieved 2026-08-10"
886398,Fusarium lateritium f. mori,forma,5523.0,Fusarium lateritium,"NCBI Taxonomy EFetch, retrieved 2026-08-10"
907340,Williopsis saturnus,species,907340.0,Williopsis saturnus,"NCBI Taxonomy EFetch, retrieved 2026-08-10"
938142,Salmonella enterica subsp. enterica serovar Choleraesuis str. ATCC 10708,strain,28901.0,Salmonella enterica,"NCBI Taxonomy EFetch, retrieved 2026-08-10"
998092,Mycobacterium tuberculosis variant bovis BCG str. ATCC 35743,strain,1773.0,Mycobacterium tuberculosis,"NCBI Taxonomy EFetch, retrieved 2026-08-10"
1047171,Zymoseptoria tritici,species,1047171.0,Zymoseptoria tritici,"NCBI Taxonomy EFetch, retrieved 2026-08-10"
1091042,Ralstonia solanacearum K60,strain,305.0,Ralstonia solanacearum,"NCBI Taxonomy EFetch, retrieved 2026-08-10"
1093900,Thyridium curvatum,species,1093900.0,Thyridium curvatum,"NCBI Taxonomy EFetch, retrieved 2026-08-10"
1095183,Magnusiomyces capitatus,species,1095183.0,Magnusiomyces capitatus,"NCBI Taxonomy EFetch, retrieved 2026-08-10"
1169286,Enterococcus faecalis ATCC 19433 = NBRC 100480,strain,1351.0,Enterococcus faecalis,"NCBI Taxonomy EFetch, retrieved 2026-08-10"
1173061,Geotrichum candidum,species,1173061.0,Geotrichum candidum,"NCBI Taxonomy EFetch, retrieved 2026-08-10"
1173569,Salmonella enterica subsp. enterica serovar Nottingham,no rank,28901.0,Salmonella enterica,"NCBI Taxonomy EFetch, retrieved 2026-08-10"
1185650,Mycobacteroides abscessus subsp. abscessus,subspecies,36809.0,Mycobacteroides abscessus,"NCBI Taxonomy EFetch, retrieved 2026-08-10"
1194566,Aspergillus hiratsukae,species,1194566.0,Aspergillus hiratsukae,"NCBI Taxonomy EFetch, retrieved 2026-08-10"
1206108,Escherichia coli J96,strain,562.0,Escherichia coli,"NCBI Taxonomy EFetch, retrieved 2026-08-10"
1226750,Mycolicibacterium phlei DSM 43239 = CCUG 21000,strain,1771.0,Mycolicibacterium phlei,"NCBI Taxonomy EFetch, retrieved 2026-08-10"
1231522,Candidozyma duobushaemuli,species,1231522.0,Candidozyma duobushaemuli,"NCBI Taxonomy EFetch, retrieved 2026-08-10"
1232598,Alternaria kikuchiana,species,1232598.0,Alternaria kikuchiana,"NCBI Taxonomy EFetch, retrieved 2026-08-10"
1247190,Saccharomyces cerevisiae BY4741,strain,4932.0,Saccharomyces cerevisiae,"NCBI Taxonomy EFetch, retrieved 2026-08-10"
1257041,Streptococcus mutans ATCC 25175,strain,1309.0,Streptococcus mutans,"NCBI Taxonomy EFetch, retrieved 2026-08-10"
1263871,Klebsiella pneumoniae ATCC BAA-2146,strain,573.0,Klebsiella pneumoniae,"NCBI Taxonomy EFetch, retrieved 2026-08-10"
1266744,Talaromyces purpureogenus,species,1266744.0,Talaromyces purpureogenus,"NCBI Taxonomy EFetch, retrieved 2026-08-10"
1276652,Klebsiella pneumoniae ATCC BAA-1705,strain,573.0,Klebsiella pneumoniae,"NCBI Taxonomy EFetch, retrieved 2026-08-10"
1276653,Klebsiella pneumoniae 700603,strain,573.0,Klebsiella pneumoniae,"NCBI Taxonomy EFetch, retrieved 2026-08-10"
1299114,Salmonella enterica subsp. enterica serovar Typhimurium str. ATCC 14028,strain,28901.0,Salmonella enterica,"NCBI Taxonomy EFetch, retrieved 2026-08-10"
1322345,Escherichia coli ATCC 25922,strain,562.0,Escherichia coli,"NCBI Taxonomy EFetch, retrieved 2026-08-10"
1341658,Francisella tularensis subsp. tularensis str. SCHU S4 substr. NR-643,no rank,263.0,Francisella tularensis,"NCBI Taxonomy EFetch, retrieved 2026-08-10"
1368100,Phytophthora nicotianae,species,1368100.0,Phytophthora nicotianae,"NCBI Taxonomy EFetch, retrieved 2026-08-10"
1432137,Cryptococcus neoformans H99S,strain,5207.0,Cryptococcus neoformans,"NCBI Taxonomy EFetch, retrieved 2026-08-10"
1463164,Klebsiella quasipneumoniae subsp. similipneumoniae,subspecies,1463165.0,Klebsiella quasipneumoniae,"NCBI Taxonomy EFetch, retrieved 2026-08-10"
1469661,Diaporthe rudis,species,1469661.0,Diaporthe rudis,"NCBI Taxonomy EFetch, retrieved 2026-08-10"
1470356,Clostridium ihumii,species,1470356.0,Clostridium ihumii,"NCBI Taxonomy EFetch, retrieved 2026-08-10"
1884637,Cryptococcus gattii species complex,species group,,,"NCBI Taxonomy EFetch, retrieved 2026-08-10"
1962118,Mycobacteroides abscessus subsp. massiliense,subspecies,36809.0,Mycobacteroides abscessus,"NCBI Taxonomy EFetch, retrieved 2026-08-10"
1967987,Salmonella enterica subsp. arizonae,subspecies,28901.0,Salmonella enterica,"NCBI Taxonomy EFetch, retrieved 2026-08-10"
2052682,Globisporangium ultimum,species,2052682.0,Globisporangium ultimum,"NCBI Taxonomy EFetch, retrieved 2026-08-10"
2060155,Nothopassalora personata,species,2060155.0,Nothopassalora personata,"NCBI Taxonomy EFetch, retrieved 2026-08-10"
2315449,Yamadazyma tenuis,species,2315449.0,Yamadazyma tenuis,"NCBI Taxonomy EFetch, retrieved 2026-08-10"
2747438,Fusarium mori,species,2747438.0,Fusarium mori,"NCBI Taxonomy EFetch, retrieved 2026-08-10"
3151107,Fomitopsis dickinsii,species,3151107.0,Fomitopsis dickinsii,"NCBI Taxonomy EFetch, retrieved 2026-08-10"
